0, 1, 50.5690, 0.01734, 0.64412, 0.99915
1, 1, 50.5740, 0.01697, 0.644, 0.99915
2, 2, 51.2686, 0.01697, 0.64351, 0.99915
3, 2, 51.2686, 0.01673, 0.64302, 0.99915
4, 2, 51.2686, 0.01697, 0.64278, 0.99915
5, 2, 51.2686, 0.01697, 0.6429, 0.99915
6, 2, 51.2686, 0.01673, 0.64302, 0.99915
7, 2, 51.2686, 0.01673, 0.64266, 0.99915
8, 2, 51.2686, 0.0166, 0.64168, 0.99915
9, 2, 51.2686, 0.01685, 0.64266, 0.99915
10, 2, 51.2686, 0.01685, 0.64253, 0.99915
11, 2, 51.2686, 0.01721, 0.64095, 0.99915
12, 2, 51.2686, 0.01685, 0.63912, 0.99915
13, 2, 51.2686, 0.01648, 0.63887, 0.99915
14, 2, 51.2686, 0.01697, 0.6407, 0.99915
15, 2, 51.2686, 0.01709, 0.64107, 0.99915
16, 2, 51.2686, 0.01697, 0.64205, 0.99915
17, 2, 51.2686, 0.01709, 0.64278, 0.99915
18, 2, 51.2686, 0.01721, 0.64376, 0.99915
19, 2, 51.2686, 0.01697, 0.64376, 0.99915
20, 2, 51.2686, 0.01685, 0.64339, 0.99915
21, 2, 51.2686, 0.01697, 0.64314, 0.99915
22, 2, 51.2686, 0.01697, 0.64339, 0.99915
23, 2, 51.2686, 0.01697, 0.64327, 0.99915
24, 2, 51.2686, 0.01697, 0.64327, 0.99915
25, 2, 51.2686, 0.01697, 0.6418, 0.99915
26, 2, 51.2686, 0.01697, 0.64046, 0.99915
27, 2, 51.2686, 0.01673, 0.64034, 0.99915
28, 2, 51.2686, 0.01685, 0.64021, 0.99915
29, 2, 51.2686, 0.01673, 0.64021, 0.99915
30, 2, 51.2686, 0.01709, 0.64131, 0.99915
31, 2, 51.2686, 0.0166, 0.64205, 0.99915
32, 2, 51.2686, 0.0166, 0.64205, 0.99915
33, 2, 51.2686, 0.01697, 0.64229, 0.99915
34, 2, 51.2686, 0.01709, 0.64205, 0.99915
35, 2, 51.2686, 0.01709, 0.64278, 0.99915
36, 2, 51.2686, 0.01709, 0.64241, 0.99915
37, 2, 51.2686, 0.01697, 0.64192, 0.99915
38, 2, 51.2686, 0.01673, 0.64253, 0.99915
39, 2, 51.2686, 0.01673, 0.64376, 0.99915
40, 2, 51.2696, 0.01685, 0.64437, 0.99915
41, 2, 51.2696, 0.01673, 0.64485, 0.99915
42, 2, 51.2696, 0.01673, 0.64449, 0.99915
43, 2, 51.2696, 0.01673, 0.64339, 0.99915
44, 2, 51.2696, 0.01709, 0.6429, 0.99915
45, 2, 51.2696, 0.01697, 0.64144, 0.99915
46, 2, 51.2696, 0.01709, 0.64009, 0.99915
47, 2, 51.2696, 0.01697, 0.63997, 0.99915
48, 2, 51.2696, 0.0166, 0.64021, 0.99915
49, 2, 51.2696, 0.0166, 0.6396, 0.99915
50, 2, 51.2696, 0.01697, 0.63997, 0.99915
51, 2, 51.2696, 0.01697, 0.63997, 0.99915
52, 2, 51.2696, 0.01709, 0.64131, 0.99915
53, 2, 51.2696, 0.01673, 0.64241, 0.99915
54, 2, 51.2696, 0.01709, 0.64241, 0.99915
55, 2, 51.2696, 0.01685, 0.64278, 0.99915
56, 2, 51.2696, 0.01697, 0.64266, 0.99915
57, 2, 51.2696, 0.01697, 0.6429, 0.99915
58, 2, 51.2696, 0.0166, 0.64278, 0.99915
59, 2, 51.2696, 0.01685, 0.64253, 0.99915
60, 2, 51.2696, 0.01685, 0.64278, 0.99915
61, 2, 51.2696, 0.01673, 0.64314, 0.99915
62, 2, 51.2696, 0.01697, 0.64314, 0.99915
63, 2, 51.2696, 0.01685, 0.64278, 0.99915
64, 2, 51.2696, 0.01673, 0.64192, 0.99915
65, 2, 51.2696, 0.01709, 0.6418, 0.99915
66, 3, 51.3076, 0.01721, 0.64168, 0.99915
67, 3, 51.3076, 0.01673, 0.64217, 0.99915
68, 3, 51.3076, 0.01685, 0.64192, 0.99915
69, 4, 51.3406, 0.01673, 0.64156, 0.99915
70, 4, 51.3406, 0.01709, 0.64107, 0.99915
71, 4, 51.3406, 0.01709, 0.64034, 0.99915
72, 5, 51.3736, 0.01709, 0.63973, 0.99915
73, 5, 51.3736, 0.01697, 0.6396, 0.99915
74, 5, 51.3736, 0.01709, 0.63924, 0.99915
75, 6, 51.4065, 0.01685, 0.63716, 0.99915
76, 6, 51.4075, 0.01709, 0.63619, 0.99915
77, 6, 51.4075, 0.01709, 0.63521, 0.99915
78, 7, 51.4395, 0.01697, 0.63728, 0.99915
79, 7, 51.4395, 0.01673, 0.63863, 0.99915
80, 7, 51.4395, 0.01721, 0.63948, 0.99915
81, 8, 51.4735, 0.01709, 0.63875, 0.99915
82, 8, 51.4735, 0.01709, 0.64009, 0.99915
83, 8, 51.4745, 0.01709, 0.64119, 0.99915
84, 9, 51.5065, 0.01673, 0.6407, 0.99915
85, 9, 51.5065, 0.01685, 0.64131, 0.99915
86, 9, 51.5065, 0.01697, 0.6407, 0.99915
87, 10, 51.5395, 0.01697, 0.64083, 0.99915
88, 10, 51.5395, 0.01697, 0.64095, 0.99915
89, 10, 51.5395, 0.01697, 0.64083, 0.99915
90, 11, 51.5735, 0.01673, 0.64119, 0.99915
91, 11, 51.5735, 0.01685, 0.64156, 0.99915
92, 11, 51.5735, 0.01685, 0.64083, 0.99915
93, 12, 51.6064, 0.01685, 0.64107, 0.99915
94, 12, 51.6064, 0.01709, 0.64119, 0.99915
95, 12, 51.6064, 0.01673, 0.64144, 0.99915
96, 12, 51.6064, 0.01673, 0.64095, 0.99915
97, 13, 51.6404, 0.01697, 0.64229, 0.99915
98, 13, 51.6404, 0.01685, 0.64253, 0.99915
99, 13, 51.6404, 0.01685, 0.64278, 0.99915
100, 14, 51.6724, 0.0166, 0.64168, 0.99915
101, 14, 51.6734, 0.01673, 0.6407, 0.99915
102, 14, 51.6734, 0.01721, 0.63924, 0.99915
103, 15, 51.7064, 0.01697, 0.63899, 0.99915
104, 15, 51.7064, 0.01685, 0.63863, 0.99915
105, 15, 51.7064, 0.01697, 0.63826, 0.99915
106, 16, 51.7393, 0.01648, 0.63814, 0.99915
107, 16, 51.7393, 0.01709, 0.63838, 0.99915
108, 16, 51.7393, 0.01697, 0.63948, 0.99915
109, 17, 51.7723, 0.01709, 0.63985, 0.99915
110, 17, 51.7723, 0.0166, 0.63851, 0.99915
111, 17, 51.7723, 0.01709, 0.63826, 0.99915
112, 18, 51.8063, 0.01673, 0.63814, 0.99915
113, 18, 51.8063, 0.01709, 0.63887, 0.99915
114, 18, 51.8063, 0.01673, 0.63851, 0.99915
115, 19, 51.8392, 0.01685, 0.63875, 0.99915
116, 19, 51.8392, 0.01685, 0.63973, 0.99915
117, 19, 51.8392, 0.01673, 0.64034, 0.99915
118, 20, 51.8722, 0.01721, 0.64131, 0.99915
119, 20, 51.8722, 0.01697, 0.64009, 0.99915
120, 20, 51.8732, 0.01685, 0.6396, 0.99915
121, 21, 51.9052, 0.01673, 0.63899, 0.99915
122, 21, 51.9052, 0.01697, 0.6396, 0.99915
123, 21, 51.9052, 0.01685, 0.63948, 0.99915
124, 22, 51.9392, 0.01697, 0.63912, 0.99915
125, 22, 51.9402, 0.01697, 0.63973, 0.99915
126, 22, 51.9402, 0.01709, 0.63912, 0.99915
127, 23, 51.9721, 0.01673, 0.63826, 0.99915
128, 23, 51.9731, 0.01673, 0.63753, 0.99915
129, 23, 51.9731, 0.01721, 0.63704, 0.99915
130, 24, 52.0052, 0.01697, 0.63716, 0.99915
131, 24, 52.0052, 0.01721, 0.63838, 0.99915
132, 24, 52.0052, 0.01673, 0.63863, 0.99915
133, 25, 52.0381, 0.01709, 0.6379, 0.99915
134, 25, 52.0381, 0.01685, 0.63728, 0.99915
135, 25, 52.0381, 0.01709, 0.63716, 0.99915
136, 26, 52.0721, 0.01673, 0.63753, 0.99915
137, 26, 52.0721, 0.0166, 0.63802, 0.99915
138, 26, 52.0721, 0.01599, 0.6357, 0.99915
139, 27, 52.1051, 0.01685, 0.63606, 0.99915
140, 27, 52.1051, 0.01685, 0.63545, 0.99915
141, 27, 52.1051, 0.0166, 0.63765, 0.99915
142, 28, 52.1380, 0.01709, 0.63765, 0.99915
143, 28, 52.1380, 0.01673, 0.63741, 0.99915
144, 28, 52.1380, 0.01709, 0.63716, 0.99915
145, 29, 52.1710, 0.01697, 0.63655, 0.99915
146, 29, 52.1710, 0.01648, 0.63619, 0.99915
147, 29, 52.1710, 0.01697, 0.63728, 0.99915
148, 30, 52.2040, 0.01685, 0.63875, 0.99915
149, 30, 52.2040, 0.01697, 0.63924, 0.99915
150, 30, 52.2040, 0.01709, 0.63912, 0.99915
151, 31, 52.2380, 0.01685, 0.63912, 0.99915
152, 31, 52.2380, 0.01685, 0.6396, 0.99915
153, 31, 52.2380, 0.01673, 0.63973, 0.99915
154, 32, 52.2709, 0.01709, 0.63924, 0.99915
155, 32, 52.2709, 0.01697, 0.63899, 0.99915
156, 32, 52.2709, 0.01685, 0.63973, 0.99915
157, 33, 52.3039, 0.0166, 0.64009, 0.99915
158, 33, 52.3039, 0.01685, 0.6396, 0.99915
159, 33, 52.3039, 0.01697, 0.63912, 0.99915
160, 34, 52.3369, 0.01734, 0.63997, 0.99915
161, 34, 52.3369, 0.01697, 0.64058, 0.99915
162, 34, 52.3379, 0.01697, 0.64095, 0.99915
163, 35, 52.3709, 0.01685, 0.64083, 0.99915
164, 35, 52.3709, 0.01697, 0.6407, 0.99915
165, 35, 52.3709, 0.0166, 0.63985, 0.99915
166, 36, 52.4038, 0.01685, 0.64034, 0.99915
167, 36, 52.4038, 0.01709, 0.64168, 0.99915
168, 36, 52.4038, 0.01673, 0.63887, 0.99915
169, 37, 52.4368, 0.01697, 0.63777, 0.99915
170, 37, 52.4368, 0.01697, 0.63912, 0.99915
171, 37, 52.4368, 0.01697, 0.63973, 0.99915
172, 38, 52.4708, 0.01685, 0.63924, 0.99915
173, 38, 52.4708, 0.01685, 0.63814, 0.99915
174, 38, 52.4708, 0.01697, 0.63692, 0.99915
175, 39, 52.5038, 0.01685, 0.63643, 0.99915
176, 39, 52.5038, 0.01709, 0.63728, 0.99915
177, 39, 52.5038, 0.01697, 0.6379, 0.99915
178, 40, 52.5367, 0.01709, 0.63912, 0.99915
179, 40, 52.5367, 0.01709, 0.63838, 0.99915
180, 40, 52.5367, 0.01709, 0.63814, 0.99915
181, 41, 52.5697, 0.01685, 0.63753, 0.99915
182, 41, 52.5697, 0.01697, 0.63899, 0.99915
183, 41, 52.5707, 0.01685, 0.63912, 0.99915
184, 42, 52.6037, 0.01673, 0.6379, 0.99915
185, 42, 52.6037, 0.01673, 0.63802, 0.99915
186, 42, 52.6037, 0.01673, 0.63875, 0.99915
187, 43, 52.6367, 0.01709, 0.63875, 0.99915
188, 43, 52.6367, 0.01685, 0.63802, 0.99915
189, 43, 52.6367, 0.01685, 0.63777, 0.99915
190, 44, 52.6697, 0.01697, 0.63777, 0.99915
191, 44, 52.6697, 0.01721, 0.63887, 0.99915
192, 44, 52.6697, 0.01685, 0.63936, 0.99915
193, 45, 52.7026, 0.0166, 0.64144, 0.99915
194, 45, 52.7026, 0.01709, 0.64107, 0.99915
195, 45, 52.7026, 0.01697, 0.64119, 0.99915
196, 46, 52.7356, 0.01697, 0.64131, 0.99915
197, 46, 52.7366, 0.01685, 0.64046, 0.99915
198, 46, 52.7366, 0.01685, 0.63997, 0.99915
199, 47, 52.7696, 0.01685, 0.6396, 0.99915
200, 47, 52.7696, 0.01734, 0.64412, 0.99915
201, 47, 52.7696, 0.01697, 0.644, 0.99915
202, 48, 52.8026, 0.01697, 0.64351, 0.99915
203, 48, 52.8026, 0.01673, 0.64302, 0.99915
204, 48, 52.8026, 0.01697, 0.64278, 0.99915
205, 49, 52.8355, 0.01697, 0.6429, 0.99915
206, 49, 52.8365, 0.01673, 0.64302, 0.99915
207, 49, 52.8365, 0.01673, 0.64266, 0.99915
208, 50, 52.8695, 0.0166, 0.64168, 0.99915
209, 50, 52.8695, 0.01685, 0.64266, 0.99915
210, 50, 52.8695, 0.01685, 0.64253, 0.99915
211, 50, 52.8695, 0.01721, 0.64095, 0.99915
212, 51, 52.9025, 0.01685, 0.63912, 0.99915
213, 51, 52.9025, 0.01648, 0.63887, 0.99915
214, 51, 52.9025, 0.01697, 0.6407, 0.99915
215, 52, 52.9354, 0.01709, 0.64107, 0.99915
216, 52, 52.9354, 0.01697, 0.64205, 0.99915
217, 52, 52.9354, 0.01709, 0.64278, 0.99915
218, 53, 52.9694, 0.01721, 0.64376, 0.99915
219, 53, 52.9694, 0.01697, 0.64376, 0.99915
220, 53, 52.9694, 0.01685, 0.64339, 0.99915
221, 54, 53.0024, 0.01697, 0.64314, 0.99915
222, 54, 53.0024, 0.01697, 0.64339, 0.99915
223, 54, 53.0024, 0.01697, 0.64327, 0.99915
224, 55, 53.0354, 0.01697, 0.64327, 0.99915
225, 55, 53.0354, 0.01697, 0.6418, 0.99915
226, 55, 53.0354, 0.01697, 0.64046, 0.99915
227, 56, 53.0683, 0.01673, 0.64034, 0.99915
228, 56, 53.0683, 0.01685, 0.64021, 0.99915
229, 56, 53.0683, 0.01673, 0.64021, 0.99915
230, 57, 53.1023, 0.01709, 0.64131, 0.99915
231, 57, 53.1023, 0.0166, 0.64205, 0.99915
232, 57, 53.1023, 0.0166, 0.64205, 0.99915
233, 58, 53.1353, 0.01697, 0.64229, 0.99915
234, 58, 53.1353, 0.01709, 0.64205, 0.99915
235, 58, 53.1353, 0.01709, 0.64278, 0.99915
236, 59, 53.1683, 0.01709, 0.64241, 0.99915
237, 59, 53.1683, 0.01697, 0.64192, 0.99915
238, 59, 53.1683, 0.01673, 0.64253, 0.99915
239, 60, 53.2012, 0.01673, 0.64376, 0.99915
240, 60, 53.2012, 0.01685, 0.64437, 0.99915
241, 60, 53.2012, 0.01673, 0.64485, 0.99915
242, 61, 53.2352, 0.01673, 0.64449, 0.99915
243, 61, 53.2352, 0.01673, 0.64339, 0.99915
244, 61, 53.2352, 0.01709, 0.6429, 0.99915
245, 62, 53.2682, 0.01697, 0.64144, 0.99915
246, 62, 53.2682, 0.01709, 0.64009, 0.99915
247, 62, 53.2682, 0.01697, 0.63997, 0.99915
248, 63, 53.3012, 0.0166, 0.64021, 0.99915
249, 63, 53.3012, 0.0166, 0.6396, 0.99915
250, 63, 53.3012, 0.01697, 0.63997, 0.99915
251, 64, 53.3341, 0.01697, 0.63997, 0.99915
252, 64, 53.3351, 0.01709, 0.64131, 0.99915
253, 64, 53.3351, 0.01673, 0.64241, 0.99915
254, 65, 53.3682, 0.01709, 0.64241, 0.99915
255, 65, 53.3682, 0.01685, 0.64278, 0.99915
256, 65, 53.3682, 0.01697, 0.64266, 0.99915
257, 66, 53.4011, 0.01697, 0.6429, 0.99915
258, 66, 53.4011, 0.0166, 0.64278, 0.99915
259, 66, 53.4011, 0.01685, 0.64253, 0.99915
260, 67, 53.4351, 0.01685, 0.64278, 0.99915
261, 67, 53.4351, 0.01673, 0.64314, 0.99915
262, 67, 53.4351, 0.01697, 0.64314, 0.99915
263, 68, 53.4680, 0.01685, 0.64278, 0.99915
264, 68, 53.4680, 0.01673, 0.64192, 0.99915
265, 68, 53.4680, 0.01709, 0.6418, 0.99915
266, 69, 53.5010, 0.01721, 0.64168, 0.99915
267, 69, 53.5010, 0.01673, 0.64217, 0.99915
268, 69, 53.5010, 0.01685, 0.64192, 0.99915
269, 70, 53.5350, 0.01673, 0.64156, 0.99915
270, 70, 53.5350, 0.01709, 0.64107, 0.99915
271, 70, 53.5350, 0.01709, 0.64034, 0.99915
272, 71, 53.5670, 0.01709, 0.63973, 0.99915
273, 71, 53.5680, 0.01697, 0.6396, 0.99915
274, 71, 53.5680, 0.01709, 0.63924, 0.99915
275, 72, 53.5999, 0.01685, 0.63716, 0.99915
276, 72, 53.5999, 0.01709, 0.63619, 0.99915
277, 72, 53.5999, 0.01709, 0.63521, 0.99915
278, 73, 53.6339, 0.01697, 0.63728, 0.99915
279, 73, 53.6339, 0.01673, 0.63863, 0.99915
280, 73, 53.6339, 0.01721, 0.63948, 0.99915
281, 74, 53.6669, 0.01709, 0.63875, 0.99915
282, 74, 53.6669, 0.01709, 0.64009, 0.99915
283, 74, 53.6669, 0.01709, 0.64119, 0.99915
284, 75, 53.6999, 0.01673, 0.6407, 0.99915
285, 75, 53.6999, 0.01685, 0.64131, 0.99915
286, 75, 53.6999, 0.01697, 0.6407, 0.99915
287, 76, 53.7338, 0.01697, 0.64083, 0.99915
288, 76, 53.7338, 0.01697, 0.64095, 0.99915
289, 76, 53.7338, 0.01697, 0.64083, 0.99915
290, 77, 53.7668, 0.01673, 0.64119, 0.99915
291, 77, 53.7668, 0.01685, 0.64156, 0.99915
292, 77, 53.7668, 0.01685, 0.64083, 0.99915
293, 78, 53.7998, 0.01685, 0.64107, 0.99915
294, 78, 53.7998, 0.01709, 0.64119, 0.99915
295, 78, 53.7998, 0.01673, 0.64144, 0.99915
296, 79, 53.8328, 0.01673, 0.64095, 0.99915
297, 79, 53.8328, 0.01697, 0.64229, 0.99915
298, 79, 53.8328, 0.01685, 0.64253, 0.99915
299, 80, 53.8667, 0.01685, 0.64278, 0.99915
300, 80, 53.8667, 0.0166, 0.64168, 0.99915
301, 80, 53.8667, 0.01673, 0.6407, 0.99915
302, 81, 53.8997, 0.01721, 0.63924, 0.99915
303, 81, 53.8997, 0.01697, 0.63899, 0.99915
304, 81, 53.8997, 0.01685, 0.63863, 0.99915
305, 82, 53.9327, 0.01697, 0.63826, 0.99915
306, 82, 53.9337, 0.01648, 0.63814, 0.99915
307, 82, 53.9337, 0.01709, 0.63838, 0.99915
308, 83, 53.9657, 0.01697, 0.63948, 0.99915
309, 83, 53.9657, 0.01709, 0.63985, 0.99915
310, 83, 53.9657, 0.0166, 0.63851, 0.99915
311, 84, 53.9995, 0.01709, 0.63826, 0.99915
312, 84, 53.9995, 0.01673, 0.63814, 0.99915
313, 84, 54.0005, 0.01709, 0.63887, 0.99915
314, 84, 54.0005, 0.01673, 0.63851, 0.99915
315, 85, 54.0325, 0.01685, 0.63875, 0.99915
316, 85, 54.0335, 0.01685, 0.63973, 0.99915
317, 85, 54.0335, 0.01673, 0.64034, 0.99915
318, 86, 54.0655, 0.01721, 0.64131, 0.99915
319, 86, 54.0655, 0.01697, 0.64009, 0.99915
320, 86, 54.0655, 0.01685, 0.6396, 0.99915
321, 87, 54.0984, 0.0166, 0.65425, 0.99915
322, 87, 54.0984, 0.01648, 0.65926, 0.99915
323, 88, 54.1324, 0.01636, 0.67232, 0.99915
324, 88, 54.1324, 0.01636, 0.68233, 0.99915
325, 88, 54.1324, 0.01587, 0.69051, 0.99915
326, 88, 54.1324, 0.01636, 0.69674, 0.99915
327, 89, 54.1654, 0.01648, 0.70297, 0.99915
328, 89, 54.1654, 0.0166, 0.71054, 0.99915
329, 89, 54.1654, 0.0166, 0.71994, 0.99915
330, 90, 54.1984, 0.01648, 0.72983, 0.99915
331, 90, 54.1984, 0.02796, 0.73996, 0.99915
332, 90, 54.1984, 0.04688, 0.74826, 0.99915
333, 91, 54.2323, 0.06605, 0.75632, 0.99915
334, 91, 54.2323, 0.08815, 0.76328, 0.99915
335, 91, 54.2323, 0.10609, 0.76755, 0.99915
336, 92, 54.2653, 0.11952, 0.76999, 0.99915
337, 92, 54.2653, 0.13344, 0.775, 0.99915
338, 92, 54.2653, 0.15041, 0.78098, 0.99915
339, 93, 54.2983, 0.1653, 0.78537, 0.99915
340, 93, 54.2983, 0.17678, 0.78794, 0.99915
341, 93, 54.2983, 0.18703, 0.7905, 0.99915
342, 94, 54.3312, 0.199, 0.7949, 0.99915
343, 94, 54.3312, 0.2095, 0.79819, 0.99915
344, 94, 54.3312, 0.22244, 0.80259, 0.99915
345, 95, 54.3642, 0.23074, 0.80393, 0.99915
346, 95, 54.3642, 0.23721, 0.80515, 0.99915
347, 95, 54.3642, 0.24368, 0.80711, 0.99915
348, 96, 54.3982, 0.25235, 0.8104, 0.99915
349, 96, 54.3982, 0.26273, 0.81431, 0.99915
350, 96, 54.3982, 0.27335, 0.81883, 0.99915
351, 97, 54.4312, 0.28446, 0.822, 0.99915
352, 97, 54.4312, 0.29667, 0.8253, 0.99915
353, 97, 54.4312, 0.309, 0.83018, 0.99915
354, 98, 54.4641, 0.32401, 0.83604, 0.99915
355, 98, 54.4641, 0.33915, 0.84056, 0.99915
356, 98, 54.4641, 0.34941, 0.84288, 0.99915
357, 99, 54.4981, 0.35979, 0.84617, 0.99915
358, 99, 54.4981, 0.37016, 0.84874, 0.99915
359, 99, 54.4981, 0.37981, 0.85179, 0.99915
360, 100, 54.5311, 0.39141, 0.85557, 0.99915
361, 100, 54.5311, 0.40239, 0.86009, 0.99915
362, 100, 54.5311, 0.4135, 0.86375, 0.99915
363, 101, 54.5641, 0.42364, 0.86644, 0.99915
364, 101, 54.5641, 0.43011, 0.86717, 0.99915
365, 101, 54.5641, 0.43719, 0.86876, 0.99915
366, 102, 54.5980, 0.44329, 0.87071, 0.99915
367, 102, 54.5990, 0.4494, 0.87181, 0.99915
368, 102, 54.5990, 0.45574, 0.87364, 0.99915
369, 103, 54.6310, 0.46185, 0.87633, 0.99915
370, 103, 54.6310, 0.46966, 0.88011, 0.99915
371, 103, 54.6310, 0.47979, 0.8828, 0.99915
372, 104, 54.6640, 0.48663, 0.88451, 0.99915
373, 104, 54.6640, 0.49335, 0.88634, 0.99915
374, 104, 54.6640, 0.49945, 0.88841, 0.99915
375, 105, 54.6980, 0.50507, 0.88976, 0.99915
376, 105, 54.6980, 0.51068, 0.89171, 0.99915
377, 105, 54.6980, 0.51447, 0.89208, 0.99915
378, 106, 54.7309, 0.51874, 0.89342, 0.99915
379, 106, 54.7309, 0.5246, 0.89574, 0.99915
380, 106, 54.7309, 0.52997, 0.89781, 0.99915
381, 107, 54.7639, 0.53547, 0.89879, 0.99915
382, 107, 54.7639, 0.54108, 0.9016, 0.99915
383, 107, 54.7639, 0.5445, 0.9016, 0.99915
384, 108, 54.7969, 0.54621, 0.90099, 0.99915
385, 108, 54.7969, 0.54853, 0.90233, 0.99915
386, 108, 54.7969, 0.55085, 0.90233, 0.99915
387, 109, 54.8299, 0.5539, 0.90429, 0.99915
388, 109, 54.8299, 0.55512, 0.90355, 0.99915
389, 109, 54.8299, 0.55695, 0.90514, 0.99915
390, 110, 54.8638, 0.55952, 0.90538, 0.99915
391, 110, 54.8638, 0.55878, 0.90453, 0.99915
392, 110, 54.8638, 0.55842, 0.9038, 0.99915
393, 111, 54.8958, 0.55878, 0.90441, 0.99915
394, 111, 54.8968, 0.55891, 0.90392, 0.99915
395, 111, 54.8968, 0.56025, 0.9049, 0.99915
396, 112, 54.9298, 0.56074, 0.90477, 0.99915
397, 112, 54.9298, 0.56293, 0.90575, 0.99915
398, 112, 54.9298, 0.56232, 0.90453, 0.99915
399, 113, 54.9628, 0.56281, 0.90502, 0.99915
400, 113, 54.9628, 0.56342, 0.90575, 0.99915
401, 113, 54.9628, 0.56525, 0.90685, 0.99915
402, 114, 54.9967, 0.56587, 0.90636, 0.99915
403, 114, 54.9967, 0.5688, 0.90807, 0.99915
404, 114, 54.9967, 0.57173, 0.9088, 0.99915
405, 115, 55.0297, 0.57453, 0.91076, 0.99915
406, 115, 55.0297, 0.57649, 0.91027, 0.99915
407, 115, 55.0297, 0.5771, 0.91039, 0.99915
408, 116, 55.0627, 0.58515, 0.91539, 0.99915
409, 116, 55.0627, 0.5937, 0.91857, 0.99915
410, 116, 55.0627, 0.59919, 0.9193, 0.99915
411, 117, 55.0957, 0.60115, 0.91808, 0.99915
412, 117, 55.0957, 0.60347, 0.91967, 0.99915
413, 117, 55.0957, 0.60518, 0.92052, 0.99915
414, 118, 55.1296, 0.60872, 0.92077, 0.99915
415, 118, 55.1296, 0.61067, 0.92052, 0.99915
416, 118, 55.1296, 0.61336, 0.92296, 0.99915
417, 119, 55.1636, 0.61555, 0.92284, 0.99915
418, 119, 55.1636, 0.61653, 0.92309, 0.99915
419, 119, 55.1636, 0.61568, 0.9215, 0.99915
420, 119, 55.1636, 0.61323, 0.92052, 0.99915
421, 120, 55.1951, 0.6103, 0.91942, 0.99915
422, 120, 55.1961, 0.60823, 0.91894, 0.99915
423, 121, 55.2291, 0.60273, 0.91637, 0.99915
424, 121, 55.2291, 0.59919, 0.91466, 0.99915
425, 121, 55.2291, 0.59309, 0.91271, 0.99915
426, 121, 55.2291, 0.58601, 0.91015, 0.99915
427, 122, 55.2621, 0.58027, 0.9088, 0.99915
428, 122, 55.2621, 0.57575, 0.90673, 0.99915
429, 123, 55.2950, 0.57087, 0.90599, 0.99915
430, 123, 55.2950, 0.56513, 0.90367, 0.99915
431, 123, 55.2960, 0.55976, 0.90197, 0.99915
432, 123, 55.2960, 0.55598, 0.90172, 0.99915
433, 124, 55.3280, 0.55378, 0.9016, 0.99915
434, 124, 55.3290, 0.54816, 0.89891, 0.99915
435, 124, 55.3290, 0.54474, 0.89794, 0.99915
436, 125, 55.3620, 0.54255, 0.89672, 0.99915
437, 125, 55.3620, 0.53852, 0.89647, 0.99915
438, 125, 55.3620, 0.53376, 0.89403, 0.99915
439, 126, 55.3950, 0.52753, 0.89098, 0.99915
440, 126, 55.3950, 0.52082, 0.88927, 0.99915
441, 126, 55.3950, 0.51605, 0.88817, 0.99915
442, 127, 55.4279, 0.51264, 0.88817, 0.99915
443, 127, 55.4279, 0.50702, 0.88573, 0.99915
444, 127, 55.4279, 0.49884, 0.88109, 0.99915
445, 128, 55.4609, 0.49274, 0.87999, 0.99915
446, 128, 55.4609, 0.48456, 0.87669, 0.99915
447, 128, 55.4609, 0.47857, 0.87596, 0.99915
448, 129, 55.4949, 0.47223, 0.87376, 0.99915
449, 129, 55.4949, 0.47088, 0.87376, 0.99915
450, 129, 55.4949, 0.46624, 0.87242, 0.99915
451, 130, 55.5279, 0.45587, 0.86754, 0.99915
452, 130, 55.5279, 0.43829, 0.85826, 0.99915
453, 130, 55.5279, 0.41887, 0.85106, 0.99915
454, 131, 55.5608, 0.39702, 0.84239, 0.99915
455, 131, 55.5608, 0.37285, 0.83384, 0.99915
456, 131, 55.5608, 0.34306, 0.82212, 0.99915
457, 132, 55.5948, 0.30961, 0.81077, 0.99915
458, 132, 55.5948, 0.28556, 0.80369, 0.99915
459, 132, 55.5948, 0.25772, 0.79539, 0.99915
460, 133, 55.6278, 0.23367, 0.78855, 0.99915
461, 133, 55.6278, 0.21475, 0.78403, 0.99915
462, 133, 55.6278, 0.19485, 0.77988, 0.99915
463, 134, 55.6608, 0.17763, 0.77475, 0.99915
464, 134, 55.6608, 0.16311, 0.77133, 0.99915
465, 134, 55.6608, 0.14797, 0.7667, 0.99915
466, 135, 55.6937, 0.1349, 0.76328, 0.99915
467, 135, 55.6937, 0.12343, 0.76084, 0.99915
468, 135, 55.6937, 0.11232, 0.75717, 0.99915
469, 136, 55.7277, 0.10121, 0.75412, 0.99915
470, 136, 55.7277, 0.09071, 0.75119, 0.99915
471, 136, 55.7277, 0.08204, 0.74936, 0.99915
472, 137, 55.7597, 0.07337, 0.74594, 0.99915
473, 137, 55.7607, 0.0658, 0.74423, 0.99915
474, 137, 55.7607, 0.0608, 0.74338, 0.99915
475, 138, 55.7937, 0.05592, 0.74252, 0.99915
476, 138, 55.7937, 0.05067, 0.74106, 0.99915
477, 138, 55.7937, 0.04334, 0.73727, 0.99915
478, 139, 55.8266, 0.03553, 0.73446, 0.99915
479, 139, 55.8266, 0.02771, 0.73178, 0.99915
480, 139, 55.8266, 0.02063, 0.72958, 0.99915
481, 140, 55.8606, 0.01624, 0.72897, 0.99915
482, 140, 55.8606, 0.0166, 0.72628, 0.99915
483, 140, 55.8606, 0.01697, 0.72458, 0.99915
484, 141, 55.8936, 0.01697, 0.7225, 0.99915
485, 141, 55.8936, 0.01673, 0.72042, 0.99915
486, 141, 55.8936, 0.01673, 0.71957, 0.99915
487, 142, 55.9266, 0.01721, 0.71823, 0.99915
488, 142, 55.9266, 0.01636, 0.71493, 0.99915
489, 142, 55.9266, 0.01709, 0.71371, 0.99915
490, 143, 55.9595, 0.01648, 0.71298, 0.99915
491, 143, 55.9595, 0.0166, 0.71054, 0.99915
492, 143, 55.9595, 0.01624, 0.7098, 0.99915
493, 144, 55.9935, 0.01685, 0.7087, 0.99915
494, 144, 55.9935, 0.01685, 0.70577, 0.99915
495, 144, 55.9935, 0.01673, 0.7048, 0.99915
496, 145, 56.0265, 0.01721, 0.7026, 0.99915
497, 145, 56.0265, 0.01673, 0.70089, 0.99915
498, 145, 56.0265, 0.01587, 0.70126, 0.99915
499, 146, 56.0595, 0.01697, 0.70114, 0.99915
500, 146, 56.0595, 0.01648, 0.69894, 0.99915
501, 146, 56.0595, 0.01697, 0.69637, 0.99915
502, 147, 56.0924, 0.01673, 0.69564, 0.99915
503, 147, 56.0924, 0.01624, 0.69235, 0.99915
504, 147, 56.0924, 0.01587, 0.69161, 0.99915
505, 148, 56.1264, 0.0166, 0.68954, 0.99915
506, 148, 56.1264, 0.01685, 0.6888, 0.99915
507, 148, 56.1264, 0.01599, 0.68734, 0.99915
508, 149, 56.1594, 0.01648, 0.68624, 0.99915
509, 149, 56.1594, 0.01624, 0.6849, 0.99915
510, 149, 56.1594, 0.01685, 0.68417, 0.99915
511, 150, 56.1924, 0.01697, 0.68368, 0.99915
512, 150, 56.1924, 0.0166, 0.68294, 0.99915
513, 150, 56.1924, 0.01673, 0.68209, 0.99915
514, 151, 56.2253, 0.01673, 0.68148, 0.99915
515, 151, 56.2253, 0.0166, 0.68099, 0.99915
516, 151, 56.2253, 0.01673, 0.68014, 0.99915
517, 152, 56.2593, 0.01599, 0.67965, 0.99915
518, 152, 56.2593, 0.01636, 0.67867, 0.99915
519, 152, 56.2593, 0.01673, 0.67806, 0.99915
520, 153, 56.2920, 0.01685, 0.67721, 0.99915
521, 153, 56.2920, 0.0166, 0.67623, 0.99915
522, 153, 56.2920, 0.01673, 0.67489, 0.99915
523, 153, 56.2920, 0.0166, 0.67501, 0.99915
524, 154, 56.3260, 0.01624, 0.67354, 0.99915
525, 154, 56.3260, 0.01648, 0.6733, 0.99915
526, 154, 56.3260, 0.01648, 0.67306, 0.99915
527, 155, 56.3589, 0.01648, 0.67257, 0.99915
528, 155, 56.3589, 0.0155, 0.67196, 0.99915
529, 155, 56.3589, 0.01648, 0.6722, 0.99915
530, 156, 56.3919, 0.0166, 0.67122, 0.99915
531, 156, 56.3919, 0.01624, 0.67147, 0.99915
532, 156, 56.3919, 0.01612, 0.67086, 0.99915
533, 157, 56.4249, 0.01575, 0.67025, 0.99915
534, 157, 56.4249, 0.01612, 0.67025, 0.99915
535, 157, 56.4249, 0.01636, 0.66976, 0.99915
536, 158, 56.4589, 0.01636, 0.66927, 0.99915
537, 158, 56.4589, 0.01612, 0.66817, 0.99915
538, 158, 56.4589, 0.01624, 0.66805, 0.99915
539, 159, 56.4918, 0.01648, 0.66732, 0.99915
540, 159, 56.4918, 0.01599, 0.66659, 0.99915
541, 159, 56.4918, 0.0166, 0.66597, 0.99915
542, 160, 56.5248, 0.01636, 0.665, 0.99915
543, 160, 56.5248, 0.01612, 0.66402, 0.99915
544, 160, 56.5248, 0.01612, 0.66243, 0.99915
545, 161, 56.5578, 0.01587, 0.66195, 0.99915
546, 161, 56.5578, 0.01648, 0.66121, 0.99915
547, 161, 56.5578, 0.01636, 0.66036, 0.99915
548, 162, 56.5917, 0.01612, 0.6595, 0.99915
549, 162, 56.5917, 0.01636, 0.65828, 0.99915
550, 162, 56.5917, 0.01648, 0.65767, 0.99915
551, 163, 56.6247, 0.01624, 0.65706, 0.99915
552, 163, 56.6247, 0.01636, 0.65609, 0.99915
553, 163, 56.6247, 0.01624, 0.65657, 0.99915
554, 164, 56.6577, 0.01636, 0.65743, 0.99915
555, 164, 56.6577, 0.01624, 0.65792, 0.99915
556, 164, 56.6577, 0.01624, 0.65718, 0.99915
557, 165, 56.6916, 0.01624, 0.65609, 0.99915
558, 165, 56.6916, 0.01636, 0.65621, 0.99915
559, 165, 56.6916, 0.01636, 0.65609, 0.99915
560, 166, 56.7245, 0.01648, 0.65535, 0.99915
561, 166, 56.7245, 0.01624, 0.65401, 0.99915
562, 166, 56.7245, 0.01624, 0.65303, 0.99915
563, 167, 56.7575, 0.01587, 0.65169, 0.99915
564, 167, 56.7575, 0.01612, 0.65047, 0.99915
565, 167, 56.7575, 0.01612, 0.64949, 0.99915
566, 168, 56.7905, 0.01563, 0.64888, 0.99915
567, 168, 56.7905, 0.01587, 0.64864, 0.99915
568, 168, 56.7905, 0.01599, 0.64766, 0.99915
569, 169, 56.8235, 0.01636, 0.6473, 0.99915
570, 169, 56.8235, 0.01599, 0.64717, 0.99915
571, 169, 56.8235, 0.01587, 0.64827, 0.99915
572, 170, 56.8574, 0.01612, 0.64827, 0.99915
573, 170, 56.8574, 0.01624, 0.64803, 0.99915
574, 170, 56.8574, 0.01624, 0.64925, 0.99915
575, 171, 56.8904, 0.01648, 0.64937, 0.99915
576, 171, 56.8904, 0.01636, 0.64925, 0.99915
577, 171, 56.8904, 0.01538, 0.64705, 0.99915
578, 172, 56.9244, 0.01587, 0.64669, 0.99915
579, 172, 56.9244, 0.01636, 0.64559, 0.99915
580, 172, 56.9244, 0.01465, 0.64559, 0.99915
581, 173, 56.9574, 0.0155, 0.6429, 0.99915
582, 173, 56.9574, 0.01612, 0.64766, 0.99915
583, 173, 56.9574, 0.01343, 0.64876, 0.99915
584, 174, 56.9900, 0.01453, 0.64424, 0.99915
585, 174, 56.9900, 0.01636, 0.6451, 0.99915
586, 174, 56.9900, 0.01612, 0.64339, 0.99915
587, 175, 57.0229, 0.01624, 0.64095, 0.99915
588, 175, 57.0229, 0.01392, 0.64095, 0.99915
589, 175, 57.0229, 0.01612, 0.64021, 0.99915
590, 176, 57.0568, 0.01599, 0.64021, 0.99915
591, 176, 57.0568, 0.01612, 0.63887, 0.99915
592, 176, 57.0568, 0.01599, 0.63851, 0.99915
593, 177, 57.0898, 0.01636, 0.6379, 0.99915
594, 177, 57.0898, 0.01636, 0.63728, 0.99915
595, 177, 57.0898, 0.01612, 0.64034, 0.99915
596, 178, 57.1228, 0.01648, 0.6451, 0.99915
597, 178, 57.1228, 0.01587, 0.64839, 0.99915
598, 178, 57.1228, 0.01636, 0.6512, 0.99915
599, 179, 57.1568, 0.01441, 0.65389, 0.99915
600, 179, 57.1568, 0.01538, 0.65499, 0.99915
601, 179, 57.1568, 0.01575, 0.65352, 0.99915
602, 180, 57.1897, 0.01624, 0.65487, 0.99915
603, 180, 57.1897, 0.01612, 0.65438, 0.99915
604, 180, 57.1897, 0.01636, 0.6534, 0.99915
605, 181, 57.2227, 0.01575, 0.6523, 0.99915
606, 181, 57.2227, 0.01612, 0.64937, 0.99915
607, 181, 57.2227, 0.01612, 0.64827, 0.99915
608, 182, 57.2557, 0.01612, 0.64595, 0.99915
609, 182, 57.2557, 0.01612, 0.64534, 0.99915
610, 182, 57.2557, 0.01612, 0.64534, 0.99915
611, 183, 57.2889, 0.01587, 0.64559, 0.99915
612, 183, 57.2889, 0.01624, 0.64632, 0.99915
613, 183, 57.2889, 0.01624, 0.64595, 0.99915
614, 184, 57.3219, 0.01294, 0.6407, 0.99915
615, 184, 57.3219, 0.01587, 0.63802, 0.99915
616, 184, 57.3219, 0.01612, 0.63692, 0.99915
617, 185, 57.3559, 0.01624, 0.63594, 0.99915
618, 185, 57.3559, 0.01636, 0.63509, 0.99915
619, 185, 57.3559, 0.01294, 0.63301, 0.99915
620, 186, 57.3889, 0.01306, 0.63301, 0.99915
621, 186, 57.3889, 0.01734, 0.64412, 0.99915
622, 186, 57.3889, 0.01697, 0.644, 0.99915
623, 187, 57.4218, 0.01697, 0.64351, 0.99915
624, 187, 57.4218, 0.01673, 0.64302, 0.99915
625, 187, 57.4218, 0.01697, 0.64278, 0.99915
626, 188, 57.4558, 0.01697, 0.6429, 0.99915
627, 188, 57.4558, 0.01673, 0.64302, 0.99915
628, 188, 57.4558, 0.01673, 0.64266, 0.99915
629, 188, 57.4558, 0.0166, 0.64168, 0.99915
630, 189, 57.4888, 0.01685, 0.64266, 0.99915
631, 189, 57.4888, 0.01685, 0.64253, 0.99915
632, 190, 57.5218, 0.01721, 0.64095, 0.99915
633, 190, 57.5218, 0.01685, 0.63912, 0.99915
634, 190, 57.5218, 0.01648, 0.63887, 0.99915
635, 190, 57.5218, 0.01697, 0.6407, 0.99915
636, 191, 57.5557, 0.01709, 0.64107, 0.99915
637, 191, 57.5557, 0.01697, 0.64205, 0.99915
638, 191, 57.5557, 0.01709, 0.64278, 0.99915
639, 192, 57.5887, 0.01721, 0.64376, 0.99915
640, 192, 57.5887, 0.01697, 0.64376, 0.99915
641, 192, 57.5887, 0.01685, 0.64339, 0.99915
642, 193, 57.6217, 0.01697, 0.64314, 0.99915
643, 193, 57.6217, 0.01697, 0.64339, 0.99915
644, 193, 57.6217, 0.01697, 0.64327, 0.99915
645, 194, 57.6547, 0.01697, 0.64327, 0.99915
646, 194, 57.6547, 0.01697, 0.6418, 0.99915
647, 194, 57.6547, 0.01697, 0.64046, 0.99915
648, 195, 57.6886, 0.01673, 0.64034, 0.99915
649, 195, 57.6886, 0.01685, 0.64021, 0.99915
650, 195, 57.6886, 0.01673, 0.64021, 0.99915
651, 196, 57.7214, 0.01709, 0.64131, 0.99915
652, 196, 57.7214, 0.0166, 0.64205, 0.99915
653, 196, 57.7214, 0.0166, 0.64205, 0.99915
654, 197, 57.7554, 0.01697, 0.64229, 0.99915
655, 197, 57.7554, 0.01709, 0.64205, 0.99915
656, 197, 57.7554, 0.01709, 0.64278, 0.99915
657, 198, 57.7883, 0.01709, 0.64241, 0.99915
658, 198, 57.7883, 0.01697, 0.64192, 0.99915
659, 198, 57.7883, 0.01673, 0.64253, 0.99915
660, 199, 57.8213, 0.01673, 0.64376, 0.99915
661, 199, 57.8213, 0.01685, 0.64437, 0.99915
662, 199, 57.8213, 0.01673, 0.64485, 0.99915
663, 200, 57.8543, 0.01673, 0.64449, 0.99915
664, 200, 57.8543, 0.01673, 0.64339, 0.99915
665, 200, 57.8543, 0.01709, 0.6429, 0.99915
666, 201, 57.8873, 0.01697, 0.64144, 0.99915
667, 201, 57.8873, 0.01709, 0.64009, 0.99915
668, 201, 57.8873, 0.01697, 0.63997, 0.99915
669, 202, 57.9203, 0.0166, 0.64021, 0.99915
670, 202, 57.9203, 0.0166, 0.6396, 0.99915
671, 202, 57.9203, 0.01697, 0.63997, 0.99915
672, 203, 57.9542, 0.01697, 0.63997, 0.99915
673, 203, 57.9542, 0.01709, 0.64131, 0.99915
674, 203, 57.9542, 0.01673, 0.64241, 0.99915
675, 204, 57.9872, 0.01709, 0.64241, 0.99915
676, 204, 57.9872, 0.01685, 0.64278, 0.99915
677, 204, 57.9882, 0.01697, 0.64266, 0.99915
678, 205, 58.0202, 0.01697, 0.6429, 0.99915
679, 205, 58.0202, 0.0166, 0.64278, 0.99915
680, 205, 58.0202, 0.01685, 0.64253, 0.99915
681, 206, 58.0542, 0.01685, 0.64278, 0.99915
682, 206, 58.0542, 0.01673, 0.64314, 0.99915
683, 206, 58.0542, 0.01697, 0.64314, 0.99915
684, 207, 58.0871, 0.01685, 0.64278, 0.99915
685, 207, 58.0881, 0.01673, 0.64192, 0.99915
686, 207, 58.0881, 0.01709, 0.6418, 0.99915
687, 208, 58.1201, 0.01721, 0.64168, 0.99915
688, 208, 58.1201, 0.01673, 0.64217, 0.99915
689, 208, 58.1201, 0.01685, 0.64192, 0.99915
690, 209, 58.1531, 0.01673, 0.64156, 0.99915
691, 209, 58.1541, 0.01709, 0.64107, 0.99915
692, 209, 58.1541, 0.01709, 0.64034, 0.99915
693, 210, 58.1870, 0.01709, 0.63973, 0.99915
694, 210, 58.1870, 0.01697, 0.6396, 0.99915
695, 210, 58.1870, 0.01709, 0.63924, 0.99915
696, 211, 58.2190, 0.01685, 0.63716, 0.99915
697, 211, 58.2200, 0.01709, 0.63619, 0.99915
698, 211, 58.2200, 0.01709, 0.63521, 0.99915
699, 212, 58.2530, 0.01697, 0.63728, 0.99915
700, 212, 58.2530, 0.01673, 0.63863, 0.99915
701, 212, 58.2530, 0.01721, 0.63948, 0.99915
702, 213, 58.2860, 0.01709, 0.63875, 0.99915
703, 213, 58.2860, 0.01709, 0.64009, 0.99915
704, 213, 58.2860, 0.01709, 0.64119, 0.99915
705, 214, 58.3200, 0.01673, 0.6407, 0.99915
706, 214, 58.3200, 0.01685, 0.64131, 0.99915
707, 214, 58.3200, 0.01697, 0.6407, 0.99915
708, 215, 58.3529, 0.01697, 0.64083, 0.99915
709, 215, 58.3529, 0.01697, 0.64095, 0.99915
710, 215, 58.3529, 0.01697, 0.64083, 0.99915
711, 216, 58.3859, 0.01673, 0.64119, 0.99915
712, 216, 58.3859, 0.01685, 0.64156, 0.99915
713, 216, 58.3859, 0.01685, 0.64083, 0.99915
714, 217, 58.4199, 0.01685, 0.64107, 0.99915
715, 217, 58.4199, 0.01709, 0.64119, 0.99915
716, 217, 58.4199, 0.01673, 0.64144, 0.99915
717, 218, 58.4528, 0.01673, 0.64095, 0.99915
718, 218, 58.4528, 0.01697, 0.64229, 0.99915
719, 218, 58.4528, 0.01685, 0.64253, 0.99915
720, 219, 58.4858, 0.01685, 0.64278, 0.99915
721, 219, 58.4858, 0.0166, 0.64168, 0.99915
722, 219, 58.4858, 0.01673, 0.6407, 0.99915
723, 220, 58.5188, 0.01721, 0.63924, 0.99915
724, 220, 58.5188, 0.01697, 0.63899, 0.99915
725, 220, 58.5188, 0.01685, 0.63863, 0.99915
726, 221, 58.5518, 0.01697, 0.63826, 0.99915
727, 221, 58.5528, 0.01648, 0.63814, 0.99915
728, 221, 58.5528, 0.01709, 0.63838, 0.99915
729, 222, 58.5857, 0.01697, 0.63948, 0.99915
730, 222, 58.5857, 0.01709, 0.63985, 0.99915
731, 222, 58.5857, 0.0166, 0.63851, 0.99915
732, 223, 58.6187, 0.01709, 0.63826, 0.99915
733, 223, 58.6187, 0.01673, 0.63814, 0.99915
734, 223, 58.6187, 0.01709, 0.63887, 0.99915
735, 223, 58.6187, 0.01673, 0.63851, 0.99915
736, 224, 58.6517, 0.01685, 0.63875, 0.99915
737, 224, 58.6517, 0.01685, 0.63973, 0.99915
738, 224, 58.6517, 0.01673, 0.64034, 0.99915
739, 225, 58.6857, 0.01721, 0.64131, 0.99915
740, 225, 58.6857, 0.01697, 0.64009, 0.99915
741, 225, 58.6857, 0.01685, 0.6396, 0.99915
742, 226, 58.7191, 0.01673, 0.63899, 0.99915
743, 226, 58.7191, 0.01697, 0.6396, 0.99915
744, 226, 58.7191, 0.01685, 0.63948, 0.99915
745, 227, 58.7520, 0.01697, 0.63912, 0.99915
746, 227, 58.7520, 0.01697, 0.63973, 0.99915
747, 227, 58.7520, 0.01709, 0.63912, 0.99915
748, 228, 58.7840, 0.0166, 0.65425, 0.99915
749, 228, 58.7840, 0.01648, 0.65926, 0.99915
750, 228, 58.7850, 0.01636, 0.67232, 0.99915
751, 229, 58.8180, 0.01636, 0.68233, 0.99915
752, 229, 58.8180, 0.01587, 0.69051, 0.99915
753, 229, 58.8180, 0.01636, 0.69674, 0.99915
754, 230, 58.8510, 0.01648, 0.70297, 0.99915
755, 230, 58.8510, 0.0166, 0.71054, 0.99915
756, 230, 58.8510, 0.0166, 0.71994, 0.99915
757, 231, 58.8849, 0.01648, 0.72983, 0.99915
758, 231, 58.8849, 0.02796, 0.73996, 0.99915
759, 231, 58.8849, 0.04688, 0.74826, 0.99915
760, 232, 58.9179, 0.06605, 0.75632, 0.99915
761, 232, 58.9179, 0.08815, 0.76328, 0.99915
762, 232, 58.9179, 0.10609, 0.76755, 0.99915
763, 233, 58.9509, 0.11952, 0.76999, 0.99915
764, 233, 58.9509, 0.13344, 0.775, 0.99915
765, 233, 58.9509, 0.15041, 0.78098, 0.99915
766, 234, 58.9849, 0.1653, 0.78537, 0.99915
767, 234, 58.9849, 0.17678, 0.78794, 0.99915
768, 234, 58.9849, 0.18703, 0.7905, 0.99915
769, 235, 59.0168, 0.199, 0.7949, 0.99915
770, 235, 59.0178, 0.2095, 0.79819, 0.99915
771, 235, 59.0178, 0.22244, 0.80259, 0.99915
772, 236, 59.0508, 0.23074, 0.80393, 0.99915
773, 236, 59.0508, 0.23721, 0.80515, 0.99915
774, 236, 59.0508, 0.24368, 0.80711, 0.99915
775, 237, 59.0838, 0.25235, 0.8104, 0.99915
776, 237, 59.0838, 0.26273, 0.81431, 0.99915
777, 237, 59.0838, 0.27335, 0.81883, 0.99915
778, 238, 59.1178, 0.28446, 0.822, 0.99915
779, 238, 59.1178, 0.29667, 0.8253, 0.99915
780, 238, 59.1178, 0.309, 0.83018, 0.99915
781, 239, 59.1507, 0.32401, 0.83604, 0.99915
782, 239, 59.1507, 0.33915, 0.84056, 0.99915
783, 239, 59.1507, 0.34941, 0.84288, 0.99915
784, 240, 59.1837, 0.35979, 0.84617, 0.99915
785, 240, 59.1837, 0.37016, 0.84874, 0.99915
786, 240, 59.1837, 0.37981, 0.85179, 0.99915
787, 241, 59.2177, 0.39141, 0.85557, 0.99915
788, 241, 59.2177, 0.40239, 0.86009, 0.99915
789, 241, 59.2177, 0.4135, 0.86375, 0.99915
790, 242, 59.2506, 0.42364, 0.86644, 0.99915
791, 242, 59.2506, 0.43011, 0.86717, 0.99915
792, 242, 59.2506, 0.43719, 0.86876, 0.99915
793, 243, 59.2836, 0.44329, 0.87071, 0.99915
794, 243, 59.2836, 0.4494, 0.87181, 0.99915
795, 243, 59.2836, 0.45574, 0.87364, 0.99915
796, 244, 59.3162, 0.46185, 0.87633, 0.99915
797, 244, 59.3162, 0.46966, 0.88011, 0.99915
798, 244, 59.3162, 0.47979, 0.8828, 0.99915
799, 245, 59.3502, 0.48663, 0.88451, 0.99915
800, 245, 59.3502, 0.49335, 0.88634, 0.99915
801, 245, 59.3502, 0.49945, 0.88841, 0.99915
802, 246, 59.3831, 0.50507, 0.88976, 0.99915
803, 246, 59.3831, 0.51068, 0.89171, 0.99915
804, 246, 59.3831, 0.51447, 0.89208, 0.99915
805, 247, 59.4161, 0.51874, 0.89342, 0.99915
806, 247, 59.4161, 0.5246, 0.89574, 0.99915
807, 247, 59.4161, 0.52997, 0.89781, 0.99915
808, 248, 59.4491, 0.53547, 0.89879, 0.99915
809, 248, 59.4501, 0.54108, 0.9016, 0.99915
810, 248, 59.4501, 0.5445, 0.9016, 0.99915
811, 249, 59.4831, 0.54621, 0.90099, 0.99915
812, 249, 59.4831, 0.54853, 0.90233, 0.99915
813, 249, 59.4831, 0.55085, 0.90233, 0.99915
814, 250, 59.5160, 0.5539, 0.90429, 0.99915
815, 250, 59.5160, 0.55512, 0.90355, 0.99915
816, 250, 59.5160, 0.55695, 0.90514, 0.99915
817, 251, 59.5490, 0.55952, 0.90538, 0.99915
818, 251, 59.5490, 0.55878, 0.90453, 0.99915
819, 251, 59.5490, 0.55842, 0.9038, 0.99915
820, 252, 59.5820, 0.55878, 0.90441, 0.99915
821, 252, 59.5830, 0.55891, 0.90392, 0.99915
822, 252, 59.5830, 0.56025, 0.9049, 0.99915
823, 253, 59.6160, 0.56074, 0.90477, 0.99915
824, 253, 59.6160, 0.56293, 0.90575, 0.99915
825, 253, 59.6160, 0.56232, 0.90453, 0.99915
826, 254, 59.6489, 0.56281, 0.90502, 0.99915
827, 254, 59.6489, 0.56342, 0.90575, 0.99915
828, 254, 59.6489, 0.56525, 0.90685, 0.99915
829, 255, 59.6819, 0.56587, 0.90636, 0.99915
830, 255, 59.6819, 0.5688, 0.90807, 0.99915
831, 255, 59.6819, 0.57173, 0.9088, 0.99915
832, 256, 59.7159, 0.57453, 0.91076, 0.99915
833, 256, 59.7159, 0.57649, 0.91027, 0.99915
834, 256, 59.7159, 0.5771, 0.91039, 0.99915
835, 257, 59.7489, 0.58515, 0.91539, 0.99915
836, 257, 59.7489, 0.5937, 0.91857, 0.99915
837, 257, 59.7489, 0.59919, 0.9193, 0.99915
838, 258, 59.7818, 0.60115, 0.91808, 0.99915
839, 258, 59.7818, 0.60347, 0.91967, 0.99915
840, 258, 59.7818, 0.60518, 0.92052, 0.99915
841, 259, 59.8148, 0.60872, 0.92077, 0.99915
842, 259, 59.8148, 0.61067, 0.92052, 0.99915
843, 259, 59.8148, 0.61336, 0.92296, 0.99915
844, 260, 59.8478, 0.61555, 0.92284, 0.99915
845, 260, 59.8488, 0.61653, 0.92309, 0.99915
846, 260, 59.8488, 0.61568, 0.9215, 0.99915
847, 261, 59.8808, 0.61323, 0.92052, 0.99915
848, 261, 59.8808, 0.6103, 0.91942, 0.99915
849, 261, 59.8808, 0.60823, 0.91894, 0.99915
850, 261, 59.8808, 0.60273, 0.91637, 0.99915
851, 262, 59.9147, 0.59919, 0.91466, 0.99915
852, 262, 59.9147, 0.59309, 0.91271, 0.99915
853, 262, 59.9147, 0.58601, 0.91015, 0.99915
854, 263, 59.9477, 0.58027, 0.9088, 0.99915
855, 263, 59.9487, 0.57575, 0.90673, 0.99915
856, 263, 59.9487, 0.57087, 0.90599, 0.99915
857, 264, 59.9807, 0.56513, 0.90367, 0.99915
858, 264, 59.9807, 0.55976, 0.90197, 0.99915
859, 264, 59.9807, 0.55598, 0.90172, 0.99915
860, 265, 0.0142, 0.55378, 0.9016, 0.99915
861, 265, 0.0142, 0.54816, 0.89891, 0.99915
862, 265, 0.0142, 0.54474, 0.89794, 0.99915
863, 266, 0.0482, 0.54255, 0.89672, 0.99915
864, 266, 0.0482, 0.53852, 0.89647, 0.99915
865, 266, 0.0482, 0.53376, 0.89403, 0.99915
866, 267, 0.0801, 0.52753, 0.89098, 0.99915
867, 267, 0.0811, 0.52082, 0.88927, 0.99915
868, 267, 0.0811, 0.51605, 0.88817, 0.99915
869, 268, 0.1141, 0.51264, 0.88817, 0.99915
870, 268, 0.1141, 0.50702, 0.88573, 0.99915
871, 268, 0.1141, 0.49884, 0.88109, 0.99915
872, 269, 0.1471, 0.49274, 0.87999, 0.99915
873, 269, 0.1471, 0.48456, 0.87669, 0.99915
874, 269, 0.1471, 0.47857, 0.87596, 0.99915
875, 270, 0.1801, 0.47223, 0.87376, 0.99915
876, 270, 0.1801, 0.47088, 0.87376, 0.99915
877, 270, 0.1801, 0.46624, 0.87242, 0.99915
878, 271, 0.2140, 0.45587, 0.86754, 0.99915
879, 271, 0.2140, 0.43829, 0.85826, 0.99915
880, 271, 0.2140, 0.41887, 0.85106, 0.99915
881, 272, 0.2470, 0.39702, 0.84239, 0.99915
882, 272, 0.2470, 0.37285, 0.83384, 0.99915
883, 272, 0.2470, 0.34306, 0.82212, 0.99915
884, 273, 0.2800, 0.30961, 0.81077, 0.99915
885, 273, 0.2800, 0.28556, 0.80369, 0.99915
886, 273, 0.2800, 0.25772, 0.79539, 0.99915
887, 274, 0.3130, 0.23367, 0.78855, 0.99915
888, 274, 0.3130, 0.21475, 0.78403, 0.99915
889, 274, 0.3130, 0.19485, 0.77988, 0.99915
890, 275, 0.3469, 0.17763, 0.77475, 0.99915
891, 275, 0.3469, 0.16311, 0.77133, 0.99915
892, 275, 0.3469, 0.14797, 0.7667, 0.99915
893, 276, 0.3799, 0.1349, 0.76328, 0.99915
894, 276, 0.3799, 0.12343, 0.76084, 0.99915
895, 276, 0.3799, 0.11232, 0.75717, 0.99915
896, 277, 0.4129, 0.10121, 0.75412, 0.99915
897, 277, 0.4129, 0.09071, 0.75119, 0.99915
898, 277, 0.4129, 0.08204, 0.74936, 0.99915
899, 278, 0.4469, 0.07337, 0.74594, 0.99915
900, 278, 0.4469, 0.0658, 0.74423, 0.99915
901, 278, 0.4469, 0.0608, 0.74338, 0.99915
902, 279, 0.4788, 0.05592, 0.74252, 0.99915
903, 279, 0.4788, 0.05067, 0.74106, 0.99915
904, 279, 0.4798, 0.04334, 0.73727, 0.99915
905, 280, 0.5128, 0.03553, 0.73446, 0.99915
906, 280, 0.5128, 0.02771, 0.73178, 0.99915
907, 280, 0.5128, 0.02063, 0.72958, 0.99915
908, 281, 0.5458, 0.01624, 0.72897, 0.99915
909, 281, 0.5458, 0.0166, 0.72628, 0.99915
910, 281, 0.5458, 0.01697, 0.72458, 0.99915
911, 282, 0.5798, 0.01697, 0.7225, 0.99915
912, 282, 0.5798, 0.01673, 0.72042, 0.99915
913, 282, 0.5798, 0.01673, 0.71957, 0.99915
914, 283, 0.6127, 0.01721, 0.71823, 0.99915
915, 283, 0.6127, 0.01636, 0.71493, 0.99915
916, 283, 0.6127, 0.01709, 0.71371, 0.99915
917, 284, 0.6457, 0.01648, 0.71298, 0.99915
918, 284, 0.6457, 0.0166, 0.71054, 0.99915
919, 284, 0.6457, 0.01624, 0.7098, 0.99915
920, 285, 0.6817, 0.01685, 0.7087, 0.99915
921, 285, 0.6817, 0.01685, 0.70577, 0.99915
922, 285, 0.6817, 0.01673, 0.7048, 0.99915
923, 286, 0.7154, 0.01721, 0.7026, 0.99915
924, 286, 0.7154, 0.01673, 0.70089, 0.99915
925, 286, 0.7154, 0.01587, 0.70126, 0.99915
926, 287, 0.7484, 0.01697, 0.70114, 0.99915
927, 287, 0.7484, 0.01648, 0.69894, 0.99915
928, 287, 0.7484, 0.01697, 0.69637, 0.99915
929, 287, 0.7484, 0.01673, 0.69564, 0.99915
930, 288, 0.7814, 0.01624, 0.69235, 0.99915
931, 288, 0.7814, 0.01587, 0.69161, 0.99915
932, 288, 0.7814, 0.0166, 0.68954, 0.99915
933, 289, 0.8143, 0.01685, 0.6888, 0.99915
934, 289, 0.8143, 0.01599, 0.68734, 0.99915
935, 289, 0.8143, 0.01648, 0.68624, 0.99915
936, 290, 0.8483, 0.01624, 0.6849, 0.99915
937, 290, 0.8483, 0.01685, 0.68417, 0.99915
938, 290, 0.8483, 0.01697, 0.68368, 0.99915
939, 291, 0.8813, 0.0166, 0.68294, 0.99915
940, 291, 0.8813, 0.01673, 0.68209, 0.99915
941, 291, 0.8813, 0.01673, 0.68148, 0.99915
942, 292, 0.9142, 0.0166, 0.68099, 0.99915
943, 292, 0.9152, 0.01673, 0.68014, 0.99915
944, 292, 0.9152, 0.01599, 0.67965, 0.99915
945, 293, 0.9482, 0.01636, 0.67867, 0.99915
946, 293, 0.9482, 0.01673, 0.67806, 0.99915
947, 293, 0.9482, 0.01685, 0.67721, 0.99915
948, 294, 0.9812, 0.0166, 0.67623, 0.99915
949, 294, 0.9812, 0.01673, 0.67489, 0.99915
950, 294, 0.9812, 0.0166, 0.67501, 0.99915
951, 295, 1.0142, 0.01624, 0.67354, 0.99915
952, 295, 1.0142, 0.01648, 0.6733, 0.99915
953, 296, 1.0471, 0.01648, 0.67306, 0.99915
954, 296, 1.0471, 0.01648, 0.67257, 0.99915
955, 296, 1.0471, 0.0155, 0.67196, 0.99915
956, 297, 1.0811, 0.01648, 0.6722, 0.99915
957, 297, 1.0811, 0.0166, 0.67122, 0.99915
958, 297, 1.0811, 0.01624, 0.67147, 0.99915
959, 298, 1.1141, 0.01612, 0.67086, 0.99915
960, 298, 1.1141, 0.01575, 0.67025, 0.99915
961, 298, 1.1141, 0.01612, 0.67025, 0.99915
962, 299, 1.1471, 0.01636, 0.66976, 0.99915
963, 299, 1.1471, 0.01636, 0.66927, 0.99915
964, 299, 1.1471, 0.01612, 0.66817, 0.99915
965, 300, 1.1800, 0.01624, 0.66805, 0.99915
966, 300, 1.1800, 0.01648, 0.66732, 0.99915
967, 300, 1.1800, 0.01599, 0.66659, 0.99915
968, 301, 1.2140, 0.0166, 0.66597, 0.99915
969, 301, 1.2140, 0.01636, 0.665, 0.99915
970, 301, 1.2140, 0.01612, 0.66402, 0.99915
971, 302, 1.2470, 0.01612, 0.66243, 0.99915
972, 302, 1.2470, 0.01587, 0.66195, 0.99915
973, 302, 1.2470, 0.01648, 0.66121, 0.99915
974, 303, 1.2800, 0.01636, 0.66036, 0.99915
975, 303, 1.2800, 0.01612, 0.6595, 0.99915
976, 303, 1.2800, 0.01636, 0.65828, 0.99915
977, 304, 1.3129, 0.01648, 0.65767, 0.99915
978, 304, 1.3129, 0.01624, 0.65706, 0.99915
979, 304, 1.3139, 0.01636, 0.65609, 0.99915
980, 305, 1.3459, 0.01624, 0.65657, 0.99915
981, 305, 1.3459, 0.01636, 0.65743, 0.99915
982, 305, 1.3459, 0.01624, 0.65792, 0.99915
983, 306, 1.3799, 0.01624, 0.65718, 0.99915
984, 306, 1.3799, 0.01624, 0.65609, 0.99915
985, 306, 1.3799, 0.01636, 0.65621, 0.99915
986, 306, 1.3799, 0.01636, 0.65609, 0.99915
987, 307, 1.4129, 0.01648, 0.65535, 0.99915
988, 307, 1.4129, 0.01624, 0.65401, 0.99915
989, 307, 1.4129, 0.01624, 0.65303, 0.99915
990, 308, 1.4458, 0.01587, 0.65169, 0.99915
991, 308, 1.4458, 0.01612, 0.65047, 0.99915
992, 308, 1.4458, 0.01612, 0.64949, 0.99915
993, 309, 1.4798, 0.01563, 0.64888, 0.99915
994, 309, 1.4798, 0.01587, 0.64864, 0.99915
995, 309, 1.4798, 0.01599, 0.64766, 0.99915
996, 310, 1.5128, 0.01636, 0.6473, 0.99915
997, 310, 1.5128, 0.01599, 0.64717, 0.99915
998, 310, 1.5128, 0.01587, 0.64827, 0.99915
999, 311, 1.5458, 0.01612, 0.64827, 0.99915
1000, 311, 1.5458, 0.01624, 0.64803, 0.99915
1001, 311, 1.5458, 0.01624, 0.64925, 0.99915
1002, 312, 1.5797, 0.01648, 0.64937, 0.99915
1003, 312, 1.5797, 0.01636, 0.64925, 0.99915
1004, 312, 1.5797, 0.01538, 0.64705, 0.99915
1005, 313, 1.6127, 0.01587, 0.64669, 0.99915
1006, 313, 1.6127, 0.01636, 0.64559, 0.99915
1007, 313, 1.6127, 0.01465, 0.64559, 0.99915
1008, 314, 1.6457, 0.0155, 0.6429, 0.99915
1009, 314, 1.6457, 0.01612, 0.64766, 0.99915
1010, 314, 1.6457, 0.01343, 0.64876, 0.99915
1011, 315, 1.6787, 0.01453, 0.64424, 0.99915
1012, 315, 1.6787, 0.01636, 0.6451, 0.99915
1013, 315, 1.6787, 0.01612, 0.64339, 0.99915
1014, 316, 1.7123, 0.01624, 0.64095, 0.99915
1015, 316, 1.7123, 0.01392, 0.64095, 0.99915
1016, 316, 1.7123, 0.01612, 0.64021, 0.99915
1017, 317, 1.7453, 0.01599, 0.64021, 0.99915
1018, 317, 1.7453, 0.01612, 0.63887, 0.99915
1019, 317, 1.7453, 0.01599, 0.63851, 0.99915
1020, 318, 1.7783, 0.01636, 0.6379, 0.99915
1021, 318, 1.7783, 0.01636, 0.63728, 0.99915
1022, 318, 1.7783, 0.01612, 0.64034, 0.99915
1023, 319, 1.8113, 0.01648, 0.6451, 0.99915
1024, 319, 1.8123, 0.01587, 0.64839, 0.99915
1025, 319, 1.8123, 0.01636, 0.6512, 0.99915
1026, 320, 1.8452, 0.01441, 0.65389, 0.99915
1027, 320, 1.8452, 0.01538, 0.65499, 0.99915
1028, 320, 1.8452, 0.01575, 0.65352, 0.99915
1029, 321, 1.8782, 0.01624, 0.65487, 0.99915
1030, 321, 1.8782, 0.01612, 0.65438, 0.99915
1031, 321, 1.8782, 0.01636, 0.6534, 0.99915
1032, 322, 1.9122, 0.01575, 0.6523, 0.99915
1033, 322, 1.9122, 0.01612, 0.64937, 0.99915
1034, 322, 1.9122, 0.01612, 0.64827, 0.99915
1035, 323, 1.9451, 0.01612, 0.64595, 0.99915
1036, 323, 1.9451, 0.01612, 0.64534, 0.99915
1037, 323, 1.9451, 0.01612, 0.64534, 0.99915
1038, 324, 1.9781, 0.01587, 0.64559, 0.99915
1039, 324, 1.9791, 0.01624, 0.64632, 0.99915
1040, 324, 1.9791, 0.01624, 0.64595, 0.99915
1041, 325, 2.0111, 0.01294, 0.6407, 0.99915
1042, 325, 2.0121, 0.01587, 0.63802, 0.99915
1043, 325, 2.0121, 0.01612, 0.63692, 0.99915
1044, 326, 2.0441, 0.01624, 0.63594, 0.99915
1045, 326, 2.0441, 0.01636, 0.63509, 0.99915
1046, 326, 2.0441, 0.01294, 0.63301, 0.99915
1047, 327, 2.0780, 0.01306, 0.63301, 0.99915
1048, 327, 2.0780, 0.01734, 0.64412, 0.99915
1049, 327, 2.0780, 0.01697, 0.644, 0.99915
1050, 328, 2.1120, 0.01697, 0.64351, 0.99915
1051, 328, 2.1120, 0.01673, 0.64302, 0.99915
1052, 328, 2.1120, 0.01697, 0.64278, 0.99915
1053, 329, 2.1460, 0.01697, 0.6429, 0.99915
1054, 329, 2.1460, 0.01673, 0.64302, 0.99915
1055, 329, 2.1460, 0.01673, 0.64266, 0.99915
1056, 330, 2.1780, 0.0166, 0.64168, 0.99915
1057, 330, 2.1780, 0.01685, 0.64266, 0.99915
1058, 330, 2.1780, 0.01685, 0.64253, 0.99915
1059, 331, 2.2109, 0.01721, 0.64095, 0.99915
1060, 331, 2.2109, 0.01685, 0.63912, 0.99915
1061, 331, 2.2109, 0.01648, 0.63887, 0.99915
1062, 332, 2.2439, 0.01697, 0.6407, 0.99915
1063, 332, 2.2439, 0.01709, 0.64107, 0.99915
1064, 332, 2.2439, 0.01697, 0.64205, 0.99915
1065, 333, 2.2779, 0.01709, 0.64278, 0.99915
1066, 333, 2.2779, 0.01721, 0.64376, 0.99915
1067, 333, 2.2779, 0.01697, 0.64376, 0.99915
1068, 334, 2.3109, 0.01685, 0.64339, 0.99915
1069, 334, 2.3109, 0.01697, 0.64314, 0.99915
1070, 334, 2.3109, 0.01697, 0.64339, 0.99915
1071, 335, 2.3438, 0.01697, 0.64327, 0.99915
1072, 335, 2.3438, 0.01697, 0.64327, 0.99915
1073, 335, 2.3438, 0.01697, 0.6418, 0.99915
1074, 336, 2.3768, 0.01697, 0.64046, 0.99915
1075, 336, 2.3768, 0.01673, 0.64034, 0.99915
1076, 336, 2.3768, 0.01685, 0.64021, 0.99915
1077, 337, 2.4098, 0.01673, 0.64021, 0.99915
1078, 337, 2.4098, 0.01709, 0.64131, 0.99915
1079, 337, 2.4098, 0.0166, 0.64205, 0.99915
1080, 338, 2.4428, 0.0166, 0.65425, 0.99915
1081, 338, 2.4428, 0.01648, 0.65926, 0.99915
1082, 338, 2.4428, 0.01636, 0.67232, 0.99915
1083, 339, 2.4767, 0.01636, 0.68233, 0.99915
1084, 339, 2.4767, 0.01587, 0.69051, 0.99915
1085, 339, 2.4767, 0.01636, 0.69674, 0.99915
1086, 340, 2.5107, 0.01648, 0.70297, 0.99915
1087, 340, 2.5107, 0.0166, 0.71054, 0.99915
1088, 340, 2.5107, 0.0166, 0.71994, 0.99915
1089, 341, 2.5427, 0.01648, 0.72983, 0.99915
1090, 341, 2.5427, 0.02796, 0.73996, 0.99915
1091, 341, 2.5427, 0.04688, 0.74826, 0.99915
1092, 342, 2.5767, 0.06605, 0.75632, 0.99915
1093, 342, 2.5767, 0.08815, 0.76328, 0.99915
1094, 342, 2.5767, 0.10609, 0.76755, 0.99915
1095, 343, 2.6103, 0.11952, 0.76999, 0.99915
1096, 343, 2.6103, 0.13344, 0.775, 0.99915
1097, 343, 2.6103, 0.15041, 0.78098, 0.99915
1098, 344, 2.6423, 0.1653, 0.78537, 0.99915
1099, 344, 2.6423, 0.17678, 0.78794, 0.99915
1100, 344, 2.6423, 0.18703, 0.7905, 0.99915
1101, 345, 2.6763, 0.199, 0.7949, 0.99915
1102, 345, 2.6763, 0.2095, 0.79819, 0.99915
1103, 345, 2.6763, 0.22244, 0.80259, 0.99915
1104, 345, 2.6763, 0.23074, 0.80393, 0.99915
1105, 346, 2.7092, 0.23721, 0.80515, 0.99915
1106, 346, 2.7092, 0.24368, 0.80711, 0.99915
1107, 346, 2.7092, 0.25235, 0.8104, 0.99915
1108, 347, 2.7422, 0.26273, 0.81431, 0.99915
1109, 347, 2.7422, 0.27335, 0.81883, 0.99915
1110, 347, 2.7422, 0.28446, 0.822, 0.99915
1111, 348, 2.7762, 0.29667, 0.8253, 0.99915
1112, 348, 2.7762, 0.309, 0.83018, 0.99915
1113, 348, 2.7762, 0.32401, 0.83604, 0.99915
1114, 349, 2.8092, 0.33915, 0.84056, 0.99915
1115, 349, 2.8092, 0.34941, 0.84288, 0.99915
1116, 349, 2.8092, 0.35979, 0.84617, 0.99915
1117, 350, 2.8421, 0.37016, 0.84874, 0.99915
1118, 350, 2.8421, 0.37981, 0.85179, 0.99915
1119, 350, 2.8421, 0.39141, 0.85557, 0.99915
1120, 351, 2.8751, 0.40239, 0.86009, 0.99915
1121, 351, 2.8761, 0.4135, 0.86375, 0.99915
1122, 351, 2.8761, 0.42364, 0.86644, 0.99915
1123, 352, 2.9091, 0.43011, 0.86717, 0.99915
1124, 352, 2.9091, 0.43719, 0.86876, 0.99915
1125, 352, 2.9091, 0.44329, 0.87071, 0.99915
1126, 353, 2.9421, 0.4494, 0.87181, 0.99915
1127, 353, 2.9421, 0.45574, 0.87364, 0.99915
1128, 353, 2.9421, 0.46185, 0.87633, 0.99915
1129, 354, 2.9750, 0.46966, 0.88011, 0.99915
1130, 354, 2.9750, 0.47979, 0.8828, 0.99915
1131, 354, 2.9750, 0.48663, 0.88451, 0.99915
1132, 355, 3.0080, 0.49335, 0.88634, 0.99915
1133, 355, 3.0080, 0.49945, 0.88841, 0.99915
1134, 355, 3.0080, 0.50507, 0.88976, 0.99915
1135, 356, 3.0420, 0.51068, 0.89171, 0.99915
1136, 356, 3.0420, 0.51447, 0.89208, 0.99915
1137, 356, 3.0420, 0.51874, 0.89342, 0.99915
1138, 357, 3.0750, 0.5246, 0.89574, 0.99915
1139, 357, 3.0750, 0.52997, 0.89781, 0.99915
1140, 357, 3.0750, 0.53547, 0.89879, 0.99915
1141, 358, 3.1089, 0.54108, 0.9016, 0.99915
1142, 358, 3.1089, 0.5445, 0.9016, 0.99915
1143, 358, 3.1089, 0.54621, 0.90099, 0.99915
1144, 359, 3.1409, 0.54853, 0.90233, 0.99915
1145, 359, 3.1409, 0.55085, 0.90233, 0.99915
1146, 359, 3.1409, 0.5539, 0.90429, 0.99915
1147, 360, 3.1749, 0.55512, 0.90355, 0.99915
1148, 360, 3.1749, 0.55695, 0.90514, 0.99915
1149, 360, 3.1749, 0.55952, 0.90538, 0.99915
1150, 361, 3.2079, 0.55878, 0.90453, 0.99915
1151, 361, 3.2079, 0.55842, 0.9038, 0.99915
1152, 361, 3.2079, 0.55878, 0.90441, 0.99915
1153, 362, 3.2408, 0.55891, 0.90392, 0.99915
1154, 362, 3.2408, 0.56025, 0.9049, 0.99915
1155, 362, 3.2408, 0.56074, 0.90477, 0.99915
1156, 363, 3.2748, 0.56293, 0.90575, 0.99915
1157, 363, 3.2748, 0.56232, 0.90453, 0.99915
1158, 363, 3.2748, 0.56281, 0.90502, 0.99915
1159, 364, 3.3078, 0.56342, 0.90575, 0.99915
1160, 364, 3.3078, 0.56525, 0.90685, 0.99915
1161, 364, 3.3078, 0.56587, 0.90636, 0.99915
1162, 365, 3.3408, 0.5688, 0.90807, 0.99915
1163, 365, 3.3408, 0.57173, 0.9088, 0.99915
1164, 365, 3.3408, 0.57453, 0.91076, 0.99915
1165, 366, 3.3737, 0.57649, 0.91027, 0.99915
1166, 366, 3.3747, 0.5771, 0.91039, 0.99915
1167, 366, 3.3747, 0.58515, 0.91539, 0.99915
1168, 367, 3.4067, 0.5937, 0.91857, 0.99915
1169, 367, 3.4077, 0.59919, 0.9193, 0.99915
1170, 367, 3.4077, 0.60115, 0.91808, 0.99915
1171, 368, 3.4397, 0.60347, 0.91967, 0.99915
1172, 368, 3.4397, 0.60518, 0.92052, 0.99915
1173, 368, 3.4397, 0.60872, 0.92077, 0.99915
1174, 369, 3.4737, 0.61067, 0.92052, 0.99915
1175, 369, 3.4737, 0.61336, 0.92296, 0.99915
1176, 369, 3.4737, 0.61555, 0.92284, 0.99915
1177, 370, 3.5070, 0.61653, 0.92309, 0.99915
1178, 370, 3.5070, 0.61568, 0.9215, 0.99915
1179, 370, 3.5070, 0.61323, 0.92052, 0.99915
1180, 371, 3.5400, 0.6103, 0.91942, 0.99915
1181, 371, 3.5400, 0.60823, 0.91894, 0.99915
1182, 371, 3.5400, 0.60273, 0.91637, 0.99915
1183, 372, 3.5729, 0.59919, 0.91466, 0.99915
1184, 372, 3.5729, 0.59309, 0.91271, 0.99915
1185, 372, 3.5729, 0.58601, 0.91015, 0.99915
1186, 373, 3.6059, 0.58027, 0.9088, 0.99915
1187, 373, 3.6059, 0.57575, 0.90673, 0.99915
1188, 373, 3.6059, 0.57087, 0.90599, 0.99915
1189, 374, 3.6399, 0.56513, 0.90367, 0.99915
1190, 374, 3.6399, 0.55976, 0.90197, 0.99915
1191, 374, 3.6399, 0.55598, 0.90172, 0.99915
1192, 375, 3.6729, 0.55378, 0.9016, 0.99915
1193, 375, 3.6729, 0.54816, 0.89891, 0.99915
1194, 375, 3.6729, 0.54474, 0.89794, 0.99915
1195, 376, 3.7058, 0.54255, 0.89672, 0.99915
1196, 376, 3.7058, 0.53852, 0.89647, 0.99915
1197, 376, 3.7058, 0.53376, 0.89403, 0.99915
1198, 377, 3.7398, 0.52753, 0.89098, 0.99915
1199, 377, 3.7398, 0.52082, 0.88927, 0.99915
1200, 377, 3.7398, 0.51605, 0.88817, 0.99915
1201, 378, 3.7728, 0.51264, 0.88817, 0.99915
1202, 378, 3.7728, 0.50702, 0.88573, 0.99915
1203, 378, 3.7728, 0.49884, 0.88109, 0.99915
1204, 378, 3.7728, 0.49274, 0.87999, 0.99915
1205, 379, 3.8058, 0.48456, 0.87669, 0.99915
1206, 379, 3.8058, 0.47857, 0.87596, 0.99915
1207, 379, 3.8058, 0.47223, 0.87376, 0.99915
1208, 380, 3.8387, 0.47088, 0.87376, 0.99915
1209, 380, 3.8387, 0.46624, 0.87242, 0.99915
1210, 380, 3.8387, 0.45587, 0.86754, 0.99915
1211, 381, 3.8727, 0.43829, 0.85826, 0.99915
1212, 381, 3.8727, 0.41887, 0.85106, 0.99915
1213, 381, 3.8727, 0.39702, 0.84239, 0.99915
1214, 382, 3.9062, 0.37285, 0.83384, 0.99915
1215, 382, 3.9062, 0.34306, 0.82212, 0.99915
1216, 382, 3.9062, 0.30961, 0.81077, 0.99915
1217, 383, 3.9392, 0.28556, 0.80369, 0.99915
1218, 383, 3.9392, 0.25772, 0.79539, 0.99915
1219, 383, 3.9392, 0.23367, 0.78855, 0.99915
1220, 384, 3.9722, 0.21475, 0.78403, 0.99915
1221, 384, 3.9722, 0.19485, 0.77988, 0.99915
1222, 384, 3.9732, 0.17763, 0.77475, 0.99915
1223, 385, 4.0051, 0.16311, 0.77133, 0.99915
1224, 385, 4.0051, 0.14797, 0.7667, 0.99915
1225, 385, 4.0051, 0.1349, 0.76328, 0.99915
1226, 386, 4.0381, 0.12343, 0.76084, 0.99915
1227, 386, 4.0381, 0.11232, 0.75717, 0.99915
1228, 386, 4.0381, 0.10121, 0.75412, 0.99915
1229, 387, 4.0721, 0.09071, 0.75119, 0.99915
1230, 387, 4.0721, 0.08204, 0.74936, 0.99915
1231, 387, 4.0721, 0.07337, 0.74594, 0.99915
1232, 388, 4.1051, 0.0658, 0.74423, 0.99915
1233, 388, 4.1051, 0.0608, 0.74338, 0.99915
1234, 388, 4.1051, 0.05592, 0.74252, 0.99915
1235, 389, 4.1380, 0.05067, 0.74106, 0.99915
1236, 389, 4.1380, 0.04334, 0.73727, 0.99915
1237, 389, 4.1380, 0.03553, 0.73446, 0.99915
1238, 390, 4.1710, 0.02771, 0.73178, 0.99915
1239, 390, 4.1710, 0.02063, 0.72958, 0.99915
1240, 390, 4.1710, 0.01624, 0.72897, 0.99915
1241, 391, 4.2040, 0.0166, 0.72628, 0.99915
1242, 391, 4.2040, 0.01697, 0.72458, 0.99915
1243, 391, 4.2040, 0.01697, 0.7225, 0.99915
1244, 392, 4.2380, 0.01673, 0.72042, 0.99915
1245, 392, 4.2380, 0.01673, 0.71957, 0.99915
1246, 392, 4.2380, 0.01721, 0.71823, 0.99915
1247, 393, 4.2709, 0.01636, 0.71493, 0.99915
1248, 393, 4.2709, 0.01709, 0.71371, 0.99915
1249, 393, 4.2709, 0.01648, 0.71298, 0.99915
1250, 394, 4.3039, 0.0166, 0.71054, 0.99915
1251, 394, 4.3039, 0.01624, 0.7098, 0.99915
1252, 394, 4.3039, 0.01685, 0.7087, 0.99915
1253, 395, 4.3379, 0.01685, 0.70577, 0.99915
1254, 395, 4.3379, 0.01673, 0.7048, 0.99915
1255, 395, 4.3379, 0.01721, 0.7026, 0.99915
1256, 396, 4.3708, 0.01673, 0.70089, 0.99915
1257, 396, 4.3708, 0.01587, 0.70126, 0.99915
1258, 396, 4.3719, 0.01697, 0.70114, 0.99915
1259, 397, 4.4038, 0.01648, 0.69894, 0.99915
1260, 397, 4.4038, 0.01697, 0.69637, 0.99915
1261, 397, 4.4038, 0.01673, 0.69564, 0.99915
1262, 398, 4.4378, 0.01624, 0.69235, 0.99915
1263, 398, 4.4378, 0.01587, 0.69161, 0.99915
1264, 398, 4.4378, 0.0166, 0.68954, 0.99915
1265, 399, 4.4708, 0.01685, 0.6888, 0.99915
1266, 399, 4.4708, 0.01599, 0.68734, 0.99915
1267, 399, 4.4708, 0.01648, 0.68624, 0.99915
1268, 400, 4.5037, 0.01624, 0.6849, 0.99915
1269, 400, 4.5037, 0.01685, 0.68417, 0.99915
1270, 400, 4.5037, 0.01697, 0.68368, 0.99915
1271, 401, 4.5367, 0.0166, 0.68294, 0.99915
1272, 401, 4.5367, 0.01673, 0.68209, 0.99915
1273, 401, 4.5367, 0.01673, 0.68148, 0.99915
1274, 402, 4.5707, 0.0166, 0.68099, 0.99915
1275, 402, 4.5707, 0.01673, 0.68014, 0.99915
1276, 402, 4.5707, 0.01599, 0.67965, 0.99915
1277, 403, 4.6033, 0.01636, 0.67867, 0.99915
1278, 403, 4.6033, 0.01673, 0.67806, 0.99915
1279, 403, 4.6033, 0.01685, 0.67721, 0.99915
1280, 404, 4.6363, 0.0166, 0.67623, 0.99915
1281, 404, 4.6363, 0.01673, 0.67489, 0.99915
1282, 404, 4.6363, 0.0166, 0.67501, 0.99915
1283, 405, 4.6702, 0.01624, 0.67354, 0.99915
1284, 405, 4.6702, 0.01648, 0.6733, 0.99915
1285, 405, 4.6702, 0.01648, 0.67306, 0.99915
1286, 406, 4.7032, 0.01648, 0.67257, 0.99915
1287, 406, 4.7032, 0.0155, 0.67196, 0.99915
1288, 406, 4.7032, 0.01648, 0.6722, 0.99915
1289, 407, 4.7362, 0.0166, 0.67122, 0.99915
1290, 407, 4.7362, 0.01624, 0.67147, 0.99915
1291, 407, 4.7362, 0.01612, 0.67086, 0.99915
1292, 408, 4.7702, 0.01575, 0.67025, 0.99915
1293, 408, 4.7702, 0.01612, 0.67025, 0.99915
1294, 408, 4.7702, 0.01636, 0.66976, 0.99915
1295, 409, 4.8031, 0.01636, 0.66927, 0.99915
1296, 409, 4.8031, 0.01612, 0.66817, 0.99915
1297, 409, 4.8031, 0.01624, 0.66805, 0.99915
1298, 410, 4.8371, 0.01648, 0.66732, 0.99915
1299, 410, 4.8371, 0.01599, 0.66659, 0.99915
1300, 410, 4.8371, 0.0166, 0.66597, 0.99915
1301, 411, 4.8701, 0.01636, 0.665, 0.99915
1302, 411, 4.8701, 0.01612, 0.66402, 0.99915
1303, 411, 4.8701, 0.01612, 0.66243, 0.99915
1304, 412, 4.9021, 0.01587, 0.66195, 0.99915
1305, 412, 4.9021, 0.01648, 0.66121, 0.99915
1306, 412, 4.9021, 0.01636, 0.66036, 0.99915
1307, 413, 4.9360, 0.01612, 0.6595, 0.99915
1308, 413, 4.9370, 0.01636, 0.65828, 0.99915
1309, 413, 4.9370, 0.01648, 0.65767, 0.99915
1310, 413, 4.9370, 0.01624, 0.65706, 0.99915
1311, 414, 4.9690, 0.01636, 0.65609, 0.99915
1312, 414, 4.9690, 0.01624, 0.65657, 0.99915
1313, 414, 4.9690, 0.01636, 0.65743, 0.99915
1314, 415, 5.0020, 0.01624, 0.65792, 0.99915
1315, 415, 5.0020, 0.01624, 0.65718, 0.99915
1316, 415, 5.0020, 0.01624, 0.65609, 0.99915
1317, 416, 5.0360, 0.01636, 0.65621, 0.99915
1318, 416, 5.0360, 0.01636, 0.65609, 0.99915
1319, 416, 5.0360, 0.01648, 0.65535, 0.99915
1320, 417, 5.0689, 0.01624, 0.65401, 0.99915
1321, 417, 5.0689, 0.01624, 0.65303, 0.99915
1322, 417, 5.0689, 0.01587, 0.65169, 0.99915
1323, 418, 5.1019, 0.01612, 0.65047, 0.99915
1324, 418, 5.1019, 0.01612, 0.64949, 0.99915
1325, 418, 5.1019, 0.01563, 0.64888, 0.99915
1326, 419, 5.1349, 0.01587, 0.64864, 0.99915
1327, 419, 5.1349, 0.01599, 0.64766, 0.99915
1328, 419, 5.1359, 0.01636, 0.6473, 0.99915
1329, 420, 5.1689, 0.01599, 0.64717, 0.99915
1330, 420, 5.1689, 0.01587, 0.64827, 0.99915
1331, 420, 5.1689, 0.01612, 0.64827, 0.99915
1332, 421, 5.2008, 0.01624, 0.64803, 0.99915
1333, 421, 5.2018, 0.01624, 0.64925, 0.99915
1334, 421, 5.2018, 0.01648, 0.64937, 0.99915
1335, 422, 5.2348, 0.01636, 0.64925, 0.99915
1336, 422, 5.2348, 0.01538, 0.64705, 0.99915
1337, 422, 5.2348, 0.01587, 0.64669, 0.99915
1338, 423, 5.2678, 0.01636, 0.64559, 0.99915
1339, 423, 5.2688, 0.01465, 0.64559, 0.99915
1340, 423, 5.2688, 0.0155, 0.6429, 0.99915
1341, 424, 5.3008, 0.01612, 0.64766, 0.99915
1342, 424, 5.3008, 0.01343, 0.64876, 0.99915
1343, 424, 5.3008, 0.01453, 0.64424, 0.99915
1344, 425, 5.3347, 0.01636, 0.6451, 0.99915
1345, 425, 5.3347, 0.01612, 0.64339, 0.99915
1346, 425, 5.3347, 0.01624, 0.64095, 0.99915
1347, 426, 5.3677, 0.01392, 0.64095, 0.99915
1348, 426, 5.3677, 0.01612, 0.64021, 0.99915
1349, 426, 5.3677, 0.01599, 0.64021, 0.99915
1350, 427, 5.4007, 0.01612, 0.63887, 0.99915
1351, 427, 5.4007, 0.01599, 0.63851, 0.99915
1352, 427, 5.4007, 0.01636, 0.6379, 0.99915
1353, 428, 5.4347, 0.01636, 0.63728, 0.99915
1354, 428, 5.4347, 0.01612, 0.64034, 0.99915
1355, 428, 5.4347, 0.01648, 0.6451, 0.99915
1356, 429, 5.4676, 0.01587, 0.64839, 0.99915
1357, 429, 5.4676, 0.01636, 0.6512, 0.99915
1358, 429, 5.4676, 0.01441, 0.65389, 0.99915
1359, 430, 5.5002, 0.01538, 0.65499, 0.99915
1360, 430, 5.5002, 0.01575, 0.65352, 0.99915
1361, 430, 5.5002, 0.01624, 0.65487, 0.99915
1362, 431, 5.5341, 0.01612, 0.65438, 0.99915
1363, 431, 5.5351, 0.01636, 0.6534, 0.99915
1364, 431, 5.5351, 0.01575, 0.6523, 0.99915
1365, 432, 5.5681, 0.01612, 0.64937, 0.99915
1366, 432, 5.5681, 0.01612, 0.64827, 0.99915
1367, 432, 5.5681, 0.01612, 0.64595, 0.99915
1368, 433, 5.6001, 0.01612, 0.64534, 0.99915
1369, 433, 5.6011, 0.01612, 0.64534, 0.99915
1370, 433, 5.6011, 0.01587, 0.64559, 0.99915
1371, 434, 5.6341, 0.01624, 0.64632, 0.99915
1372, 434, 5.6341, 0.01624, 0.64595, 0.99915
1373, 434, 5.6341, 0.01294, 0.6407, 0.99915
1374, 435, 5.6680, 0.01587, 0.63802, 0.99915
1375, 435, 5.6680, 0.01612, 0.63692, 0.99915
1376, 435, 5.6680, 0.01624, 0.63594, 0.99915
1377, 436, 5.7000, 0.01636, 0.63509, 0.99915
1378, 436, 5.7000, 0.01294, 0.63301, 0.99915
1379, 436, 5.7010, 0.01306, 0.63301, 0.99915
1380, 437, 5.7340, 0.01734, 0.64412, 0.99915
1381, 437, 5.7340, 0.01697, 0.644, 0.99915
1382, 437, 5.7340, 0.01697, 0.64351, 0.99915
1383, 438, 5.7670, 0.01673, 0.64302, 0.99915
1384, 438, 5.7670, 0.01697, 0.64278, 0.99915
1385, 438, 5.7670, 0.01697, 0.6429, 0.99915
1386, 438, 5.7670, 0.01673, 0.64302, 0.99915
1387, 439, 5.7999, 0.01673, 0.64266, 0.99915
1388, 439, 5.7999, 0.0166, 0.64168, 0.99915
1389, 439, 5.7999, 0.01685, 0.64266, 0.99915
1390, 440, 5.8339, 0.01685, 0.64253, 0.99915
1391, 440, 5.8339, 0.01721, 0.64095, 0.99915
1392, 440, 5.8339, 0.01685, 0.63912, 0.99915
1393, 441, 5.8659, 0.01648, 0.63887, 0.99915
1394, 441, 5.8659, 0.01697, 0.6407, 0.99915
1395, 441, 5.8669, 0.01709, 0.64107, 0.99915
1396, 442, 5.8999, 0.01697, 0.64205, 0.99915
1397, 442, 5.8999, 0.01709, 0.64278, 0.99915
1398, 442, 5.8999, 0.01721, 0.64376, 0.99915
1399, 443, 5.9328, 0.01697, 0.64376, 0.99915
1400, 443, 5.9338, 0.01685, 0.64339, 0.99915
1401, 443, 5.9338, 0.01697, 0.64314, 0.99915
1402, 444, 5.9658, 0.01697, 0.64339, 0.99915
1403, 444, 5.9658, 0.01697, 0.64327, 0.99915
1404, 444, 5.9658, 0.01697, 0.64327, 0.99915
1405, 445, 5.9988, 0.01697, 0.6418, 0.99915
1406, 445, 5.9988, 0.01697, 0.64046, 0.99915
1407, 445, 5.9988, 0.01673, 0.64034, 0.99915
1408, 446, 6.0328, 0.01685, 0.64021, 0.99915
1409, 446, 6.0328, 0.01673, 0.64021, 0.99915
1410, 446, 6.0328, 0.01709, 0.64131, 0.99915
1411, 447, 6.0657, 0.0166, 0.64205, 0.99915
1412, 447, 6.0657, 0.0166, 0.64205, 0.99915
1413, 447, 6.0657, 0.01697, 0.64229, 0.99915
1414, 448, 6.1007, 0.01709, 0.64205, 0.99915
1415, 448, 6.1007, 0.01709, 0.64278, 0.99915
1416, 448, 6.1007, 0.01709, 0.64241, 0.99915
1417, 449, 6.1427, 0.01697, 0.64192, 0.99915
1418, 449, 6.1427, 0.01673, 0.64253, 0.99915
1419, 449, 6.1427, 0.01673, 0.64376, 0.99915
1420, 450, 6.1657, 0.01685, 0.64437, 0.99915
1421, 450, 6.1657, 0.01673, 0.64485, 0.99915
1422, 451, 6.1986, 0.01673, 0.64449, 0.99915
1423, 451, 6.1986, 0.01673, 0.64339, 0.99915
1424, 451, 6.1986, 0.01709, 0.6429, 0.99915
1425, 451, 6.1986, 0.01697, 0.64144, 0.99915
1426, 452, 6.2316, 0.01709, 0.64009, 0.99915
1427, 452, 6.2316, 0.01697, 0.63997, 0.99915
1428, 452, 6.2316, 0.0166, 0.64021, 0.99915
1429, 453, 6.2646, 0.0166, 0.6396, 0.99915
1430, 453, 6.2646, 0.01697, 0.63997, 0.99915
1431, 453, 6.2646, 0.01697, 0.63997, 0.99915
1432, 454, 6.2981, 0.01709, 0.64131, 0.99915
1433, 454, 6.2981, 0.01673, 0.64241, 0.99915
1434, 454, 6.2981, 0.01709, 0.64241, 0.99915
1435, 455, 6.3321, 0.01685, 0.64278, 0.99915
1436, 455, 6.3321, 0.01697, 0.64266, 0.99915
1437, 455, 6.3321, 0.01697, 0.6429, 0.99915
1438, 456, 6.3651, 0.0166, 0.64278, 0.99915
1439, 456, 6.3651, 0.01685, 0.64253, 0.99915
1440, 456, 6.3651, 0.01685, 0.64278, 0.99915
1441, 457, 6.3980, 0.01673, 0.64314, 0.99915
1442, 457, 6.3990, 0.01697, 0.64314, 0.99915
1443, 457, 6.3990, 0.01685, 0.64278, 0.99915
1444, 458, 6.4310, 0.01673, 0.64192, 0.99915
1445, 458, 6.4310, 0.01709, 0.6418, 0.99915
1446, 458, 6.4310, 0.01721, 0.64168, 0.99915
1447, 459, 6.4640, 0.01673, 0.64217, 0.99915
1448, 459, 6.4640, 0.01685, 0.64192, 0.99915
1449, 459, 6.4640, 0.01673, 0.64156, 0.99915
1450, 460, 6.4980, 0.01709, 0.64107, 0.99915
1451, 460, 6.4980, 0.01709, 0.64034, 0.99915
1452, 460, 6.4980, 0.01709, 0.63973, 0.99915
1453, 461, 6.5319, 0.01697, 0.6396, 0.99915
1454, 461, 6.5319, 0.01709, 0.63924, 0.99915
1455, 461, 6.5319, 0.01685, 0.63716, 0.99915
1456, 462, 6.5639, 0.01709, 0.63619, 0.99915
1457, 462, 6.5639, 0.01709, 0.63521, 0.99915
1458, 462, 6.5639, 0.01697, 0.63728, 0.99915
1459, 463, 6.5979, 0.01673, 0.63863, 0.99915
1460, 463, 6.5979, 0.01721, 0.63948, 0.99915
1461, 463, 6.5979, 0.01709, 0.63875, 0.99915
1462, 464, 6.6309, 0.01709, 0.64009, 0.99915
1463, 464, 6.6309, 0.01709, 0.64119, 0.99915
1464, 464, 6.6309, 0.01673, 0.6407, 0.99915
1465, 465, 6.6638, 0.01685, 0.64131, 0.99915
1466, 465, 6.6638, 0.01697, 0.6407, 0.99915
1467, 465, 6.6638, 0.01697, 0.64083, 0.99915
1468, 466, 6.6968, 0.01697, 0.64095, 0.99915
1469, 466, 6.6968, 0.01697, 0.64083, 0.99915
1470, 466, 6.6968, 0.01673, 0.64119, 0.99915
1471, 467, 6.7308, 0.01685, 0.64156, 0.99915
1472, 467, 6.7308, 0.01685, 0.64083, 0.99915
1473, 467, 6.7308, 0.01685, 0.64107, 0.99915
1474, 468, 6.7638, 0.01709, 0.64119, 0.99915
1475, 468, 6.7638, 0.01673, 0.64144, 0.99915
1476, 468, 6.7638, 0.01673, 0.64095, 0.99915
1477, 469, 6.7972, 0.01697, 0.64229, 0.99915
1478, 469, 6.7972, 0.01685, 0.64253, 0.99915
1479, 469, 6.7972, 0.01685, 0.64278, 0.99915
1480, 470, 6.8302, 0.0166, 0.64168, 0.99915
1481, 470, 6.8302, 0.01673, 0.6407, 0.99915
1482, 470, 6.8302, 0.01721, 0.63924, 0.99915
1483, 471, 6.8632, 0.01697, 0.63899, 0.99915
1484, 471, 6.8632, 0.01685, 0.63863, 0.99915
1485, 471, 6.8632, 0.01697, 0.63826, 0.99915
1486, 472, 6.8962, 0.01648, 0.63814, 0.99915
1487, 472, 6.8962, 0.01709, 0.63838, 0.99915
1488, 472, 6.8972, 0.01697, 0.63948, 0.99915
1489, 473, 6.9301, 0.01709, 0.63985, 0.99915
1490, 473, 6.9301, 0.0166, 0.63851, 0.99915
1491, 473, 6.9301, 0.01709, 0.63826, 0.99915
1492, 474, 6.9631, 0.01673, 0.63814, 0.99915
1493, 474, 6.9631, 0.01709, 0.63887, 0.99915
1494, 474, 6.9631, 0.01673, 0.63851, 0.99915
1495, 475, 6.9961, 0.01685, 0.63875, 0.99915
1496, 475, 6.9961, 0.01685, 0.63973, 0.99915
1497, 475, 6.9961, 0.01673, 0.64034, 0.99915
1498, 476, 7.0301, 0.01721, 0.64131, 0.99915
1499, 476, 7.0301, 0.01697, 0.64009, 0.99915
1500, 476, 7.0301, 0.01685, 0.6396, 0.99915
1501, 477, 7.0630, 0.01673, 0.63899, 0.99915
1502, 477, 7.0630, 0.01697, 0.6396, 0.99915
1503, 477, 7.0630, 0.01685, 0.63948, 0.99915
1504, 478, 7.0960, 0.01697, 0.63912, 0.99915
1505, 478, 7.0960, 0.01697, 0.63973, 0.99915
1506, 478, 7.0960, 0.01709, 0.63912, 0.99915
1507, 479, 7.1290, 0.01673, 0.63826, 0.99915
1508, 479, 7.1300, 0.01673, 0.63753, 0.99915
1509, 479, 7.1300, 0.01721, 0.63704, 0.99915
1510, 480, 7.1620, 0.01697, 0.63716, 0.99915
1511, 480, 7.1620, 0.01721, 0.63838, 0.99915
1512, 480, 7.1620, 0.01673, 0.63863, 0.99915
1513, 481, 7.1959, 0.01709, 0.6379, 0.99915
1514, 481, 7.1969, 0.01685, 0.63728, 0.99915
1515, 481, 7.1969, 0.01709, 0.63716, 0.99915
1516, 482, 7.2289, 0.01673, 0.63753, 0.99915
1517, 482, 7.2289, 0.0166, 0.63802, 0.99915
1518, 482, 7.2289, 0.01599, 0.6357, 0.99915
1519, 483, 7.2619, 0.01685, 0.63606, 0.99915
1520, 483, 7.2619, 0.01685, 0.63545, 0.99915
1521, 483, 7.2619, 0.0166, 0.63765, 0.99915
1522, 484, 7.2959, 0.01709, 0.63765, 0.99915
1523, 484, 7.2959, 0.01673, 0.63741, 0.99915
1524, 484, 7.2959, 0.01709, 0.63716, 0.99915
1525, 484, 7.2959, 0.01697, 0.63655, 0.99915
1526, 485, 7.3288, 0.01648, 0.63619, 0.99915
1527, 485, 7.3288, 0.01697, 0.63728, 0.99915
1528, 485, 7.3288, 0.01685, 0.63875, 0.99915
1529, 486, 7.3618, 0.01697, 0.63924, 0.99915
1530, 486, 7.3618, 0.01709, 0.63912, 0.99915
1531, 486, 7.3618, 0.01685, 0.63912, 0.99915
1532, 487, 7.3958, 0.01685, 0.6396, 0.99915
1533, 487, 7.3958, 0.01673, 0.63973, 0.99915
1534, 487, 7.3958, 0.01709, 0.63924, 0.99915
1535, 488, 7.4288, 0.01697, 0.63899, 0.99915
1536, 488, 7.4288, 0.01685, 0.63973, 0.99915
1537, 488, 7.4288, 0.0166, 0.64009, 0.99915
1538, 489, 7.4617, 0.01685, 0.6396, 0.99915
1539, 489, 7.4617, 0.01697, 0.63912, 0.99915
1540, 489, 7.4617, 0.01734, 0.63997, 0.99915
1541, 490, 7.4953, 0.01697, 0.64058, 0.99915
1542, 490, 7.4953, 0.01697, 0.64095, 0.99915
1543, 490, 7.4953, 0.01685, 0.64083, 0.99915
1544, 491, 7.5282, 0.01697, 0.6407, 0.99915
1545, 491, 7.5292, 0.0166, 0.63985, 0.99915
1546, 491, 7.5292, 0.01685, 0.64034, 0.99915
1547, 492, 7.5612, 0.01709, 0.64168, 0.99915
1548, 492, 7.5612, 0.01673, 0.63887, 0.99915
1549, 492, 7.5612, 0.01697, 0.63777, 0.99915
1550, 493, 7.5952, 0.01697, 0.63912, 0.99915
1551, 493, 7.5952, 0.01697, 0.63973, 0.99915
1552, 493, 7.5952, 0.01685, 0.63924, 0.99915
1553, 494, 7.6282, 0.01685, 0.63814, 0.99915
1554, 494, 7.6282, 0.01697, 0.63692, 0.99915
1555, 494, 7.6282, 0.01685, 0.63643, 0.99915
1556, 495, 7.6611, 0.01709, 0.63728, 0.99915
1557, 495, 7.6611, 0.01697, 0.6379, 0.99915
1558, 495, 7.6611, 0.01709, 0.63912, 0.99915
1559, 496, 7.6941, 0.01709, 0.63838, 0.99915
1560, 496, 7.6941, 0.01709, 0.63814, 0.99915
1561, 496, 7.6941, 0.01685, 0.63753, 0.99915
1562, 497, 7.7271, 0.01697, 0.63899, 0.99915
1563, 497, 7.7281, 0.01685, 0.63912, 0.99915
1564, 497, 7.7281, 0.01673, 0.6379, 0.99915
1565, 498, 7.7611, 0.01673, 0.63802, 0.99915
1566, 498, 7.7611, 0.01673, 0.63875, 0.99915
1567, 498, 7.7611, 0.01709, 0.63875, 0.99915
1568, 499, 7.7940, 0.01685, 0.63802, 0.99915
1569, 499, 7.7940, 0.01685, 0.63777, 0.99915
1570, 499, 7.7940, 0.01697, 0.63777, 0.99915
1571, 500, 7.8280, 0.01721, 0.63887, 0.99915
1572, 500, 7.8280, 0.01685, 0.63936, 0.99915
1573, 500, 7.8280, 0.0166, 0.64144, 0.99915
1574, 501, 7.8600, 0.01709, 0.64107, 0.99915
1575, 501, 7.8600, 0.01697, 0.64119, 0.99915
1576, 501, 7.8600, 0.01697, 0.64131, 0.99915
1577, 502, 7.8940, 0.01685, 0.64046, 0.99915
1578, 502, 7.8940, 0.01685, 0.63997, 0.99915
1579, 502, 7.8940, 0.01685, 0.6396, 0.99915
1580, 503, 7.9279, 0.01734, 0.64412, 0.99915
1581, 503, 7.9279, 0.01697, 0.644, 0.99915
1582, 503, 7.9279, 0.01697, 0.64351, 0.99915
1583, 504, 7.9599, 0.01673, 0.64302, 0.99915
1584, 504, 7.9599, 0.01697, 0.64278, 0.99915
1585, 504, 7.9599, 0.01697, 0.6429, 0.99915
1586, 505, 7.9929, 0.01673, 0.64302, 0.99915
1587, 505, 7.9929, 0.01673, 0.64266, 0.99915
1588, 505, 7.9929, 0.0166, 0.64168, 0.99915
1589, 506, 8.0279, 0.01685, 0.64266, 0.99915
1590, 506, 8.0279, 0.01685, 0.64253, 0.99915
1591, 506, 8.0279, 0.01721, 0.64095, 0.99915
1592, 507, 8.0598, 0.01685, 0.63912, 0.99915
1593, 507, 8.0598, 0.01648, 0.63887, 0.99915
1594, 507, 8.0598, 0.01697, 0.6407, 0.99915
1595, 508, 8.0928, 0.01709, 0.64107, 0.99915
1596, 508, 8.0938, 0.01697, 0.64205, 0.99915
1597, 508, 8.0938, 0.01709, 0.64278, 0.99915
1598, 509, 8.1258, 0.01721, 0.64376, 0.99915
1599, 509, 8.1258, 0.01697, 0.64376, 0.99915
1600, 509, 8.1258, 0.01685, 0.64339, 0.99915
1601, 510, 8.1608, 0.01697, 0.64314, 0.99915
1602, 510, 8.1608, 0.01697, 0.64339, 0.99915
1603, 510, 8.1608, 0.01697, 0.64327, 0.99915
1604, 511, 8.1924, 0.01697, 0.64327, 0.99915
1605, 511, 8.1924, 0.01697, 0.6418, 0.99915
1606, 511, 8.1924, 0.01697, 0.64046, 0.99915
1607, 512, 8.2253, 0.01673, 0.64034, 0.99915
1608, 512, 8.2253, 0.01685, 0.64021, 0.99915
1609, 512, 8.2253, 0.01673, 0.64021, 0.99915
1610, 513, 8.2593, 0.01709, 0.64131, 0.99915
1611, 513, 8.2593, 0.0166, 0.64205, 0.99915
1612, 513, 8.2593, 0.0166, 0.64205, 0.99915
1613, 514, 8.2923, 0.01697, 0.64229, 0.99915
1614, 514, 8.2923, 0.01709, 0.64205, 0.99915
1615, 514, 8.2923, 0.01709, 0.64278, 0.99915
1616, 515, 8.3253, 0.01709, 0.64241, 0.99915
1617, 515, 8.3253, 0.01697, 0.64192, 0.99915
1618, 515, 8.3253, 0.01673, 0.64253, 0.99915
1619, 516, 8.3592, 0.01673, 0.64376, 0.99915
1620, 516, 8.3592, 0.01685, 0.64437, 0.99915
1621, 516, 8.3592, 0.01673, 0.64485, 0.99915
1622, 517, 8.3922, 0.01673, 0.64449, 0.99915
1623, 517, 8.3922, 0.01673, 0.64339, 0.99915
1624, 517, 8.3922, 0.01709, 0.6429, 0.99915
1625, 518, 8.4252, 0.01697, 0.64144, 0.99915
1626, 518, 8.4252, 0.01709, 0.64009, 0.99915
1627, 518, 8.4252, 0.01697, 0.63997, 0.99915
1628, 519, 8.4582, 0.0166, 0.64021, 0.99915
1629, 519, 8.4582, 0.0166, 0.6396, 0.99915
1630, 519, 8.4582, 0.01697, 0.63997, 0.99915
1631, 520, 8.4921, 0.01697, 0.63997, 0.99915
1632, 520, 8.4921, 0.01709, 0.64131, 0.99915
1633, 520, 8.4921, 0.01673, 0.64241, 0.99915
1634, 521, 8.5251, 0.01709, 0.64241, 0.99915
1635, 521, 8.5251, 0.01685, 0.64278, 0.99915
1636, 521, 8.5251, 0.01697, 0.64266, 0.99915
1637, 522, 8.5581, 0.01697, 0.6429, 0.99915
1638, 522, 8.5581, 0.0166, 0.64278, 0.99915
1639, 522, 8.5581, 0.01685, 0.64253, 0.99915
1640, 523, 8.5921, 0.01685, 0.64278, 0.99915
1641, 523, 8.5921, 0.01673, 0.64314, 0.99915
1642, 523, 8.5921, 0.01697, 0.64314, 0.99915
1643, 524, 8.6240, 0.01685, 0.64278, 0.99915
1644, 524, 8.6240, 0.01673, 0.64192, 0.99915
1645, 524, 8.6250, 0.01709, 0.6418, 0.99915
1646, 525, 8.6580, 0.01721, 0.64168, 0.99915
1647, 525, 8.6580, 0.01673, 0.64217, 0.99915
1648, 525, 8.6580, 0.01685, 0.64192, 0.99915
1649, 525, 8.6580, 0.01673, 0.64156, 0.99915
1650, 526, 8.6910, 0.01709, 0.64107, 0.99915
1651, 526, 8.6910, 0.01709, 0.64034, 0.99915
1652, 526, 8.6910, 0.01709, 0.63973, 0.99915
1653, 527, 8.7239, 0.01697, 0.6396, 0.99915
1654, 527, 8.7239, 0.01709, 0.63924, 0.99915
1655, 527, 8.7239, 0.01685, 0.63716, 0.99915
1656, 528, 8.7579, 0.01709, 0.63619, 0.99915
1657, 528, 8.7579, 0.01709, 0.63521, 0.99915
1658, 528, 8.7579, 0.01697, 0.63728, 0.99915
1659, 529, 8.7909, 0.01673, 0.63863, 0.99915
1660, 529, 8.7909, 0.01721, 0.63948, 0.99915
1661, 529, 8.7909, 0.01709, 0.63875, 0.99915
1662, 530, 8.8239, 0.01709, 0.64009, 0.99915
1663, 530, 8.8239, 0.01709, 0.64119, 0.99915
1664, 530, 8.8239, 0.01673, 0.6407, 0.99915
1665, 531, 8.8579, 0.01685, 0.64131, 0.99915
1666, 531, 8.8579, 0.01697, 0.6407, 0.99915
1667, 531, 8.8579, 0.01697, 0.64083, 0.99915
1668, 532, 8.8909, 0.01697, 0.64095, 0.99915
1669, 532, 8.8909, 0.01697, 0.64083, 0.99915
1670, 532, 8.8909, 0.01673, 0.64119, 0.99915
1671, 533, 8.9239, 0.01685, 0.64156, 0.99915
1672, 533, 8.9239, 0.01685, 0.64083, 0.99915
1673, 533, 8.9239, 0.01685, 0.64107, 0.99915
1674, 534, 8.9568, 0.01709, 0.64119, 0.99915
1675, 534, 8.9568, 0.01673, 0.64144, 0.99915
1676, 534, 8.9568, 0.01673, 0.64095, 0.99915
1677, 535, 8.9903, 0.01697, 0.64229, 0.99915
1678, 535, 8.9903, 0.01685, 0.64253, 0.99915
1679, 535, 8.9903, 0.01685, 0.64278, 0.99915
1680, 536, 9.0233, 0.0166, 0.64168, 0.99915
1681, 536, 9.0233, 0.01673, 0.6407, 0.99915
1682, 536, 9.0233, 0.01721, 0.63924, 0.99915
1683, 537, 9.0573, 0.01697, 0.63899, 0.99915
1684, 537, 9.0573, 0.01685, 0.63863, 0.99915
1685, 537, 9.0573, 0.01697, 0.63826, 0.99915
1686, 538, 9.0902, 0.01648, 0.63814, 0.99915
1687, 538, 9.0912, 0.01709, 0.63838, 0.99915
1688, 538, 9.0912, 0.01697, 0.63948, 0.99915
1689, 539, 9.1232, 0.01709, 0.63985, 0.99915
1690, 539, 9.1232, 0.0166, 0.63851, 0.99915
1691, 539, 9.1232, 0.01709, 0.63826, 0.99915
1692, 540, 9.1562, 0.01673, 0.63814, 0.99915
1693, 540, 9.1562, 0.01709, 0.63887, 0.99915
1694, 540, 9.1562, 0.01673, 0.63851, 0.99915
1695, 541, 9.1902, 0.01685, 0.63875, 0.99915
1696, 541, 9.1902, 0.01685, 0.63973, 0.99915
1697, 541, 9.1902, 0.01673, 0.64034, 0.99915
1698, 542, 9.2221, 0.01721, 0.64131, 0.99915
1699, 542, 9.2231, 0.01697, 0.64009, 0.99915
1700, 542, 9.2231, 0.01685, 0.6396, 0.99915
1701, 543, 9.2561, 0.01673, 0.63899, 0.99915
1702, 543, 9.2561, 0.01697, 0.6396, 0.99915
1703, 543, 9.2561, 0.01685, 0.63948, 0.99915
1704, 544, 9.2891, 0.01697, 0.63912, 0.99915
1705, 544, 9.2891, 0.01697, 0.63973, 0.99915
1706, 544, 9.2901, 0.01709, 0.63912, 0.99915
1707, 545, 9.3231, 0.01673, 0.63826, 0.99915
1708, 545, 9.3231, 0.01673, 0.63753, 0.99915
1709, 545, 9.3231, 0.01721, 0.63704, 0.99915
1710, 546, 9.3560, 0.01697, 0.63716, 0.99915
1711, 546, 9.3560, 0.01721, 0.63838, 0.99915
1712, 546, 9.3560, 0.01673, 0.63863, 0.99915
1713, 547, 9.3890, 0.01709, 0.6379, 0.99915
1714, 547, 9.3890, 0.01685, 0.63728, 0.99915
1715, 547, 9.3890, 0.01709, 0.63716, 0.99915
1716, 548, 9.4220, 0.01673, 0.63753, 0.99915
1717, 548, 9.4220, 0.0166, 0.63802, 0.99915
1718, 548, 9.4220, 0.01599, 0.6357, 0.99915
1719, 549, 9.4560, 0.01685, 0.63606, 0.99915
1720, 549, 9.4560, 0.01685, 0.63545, 0.99915
1721, 549, 9.4560, 0.0166, 0.63765, 0.99915
1722, 550, 9.4889, 0.01709, 0.63765, 0.99915
1723, 550, 9.4889, 0.01673, 0.63741, 0.99915
1724, 550, 9.4889, 0.01709, 0.63716, 0.99915
1725, 551, 9.5219, 0.01697, 0.63655, 0.99915
1726, 551, 9.5219, 0.01648, 0.63619, 0.99915
1727, 551, 9.5219, 0.01697, 0.63728, 0.99915
1728, 552, 9.5549, 0.01685, 0.63875, 0.99915
1729, 552, 9.5549, 0.01697, 0.63924, 0.99915
1730, 552, 9.5549, 0.01709, 0.63912, 0.99915
1731, 553, 9.5889, 0.01685, 0.63912, 0.99915
1732, 553, 9.5889, 0.01685, 0.6396, 0.99915
1733, 553, 9.5889, 0.01673, 0.63973, 0.99915
1734, 554, 9.6218, 0.01709, 0.63924, 0.99915
1735, 554, 9.6218, 0.01697, 0.63899, 0.99915
1736, 554, 9.6218, 0.01685, 0.63973, 0.99915
1737, 554, 9.6218, 0.0166, 0.64009, 0.99915
1738, 555, 9.6548, 0.01685, 0.6396, 0.99915
1739, 555, 9.6548, 0.01697, 0.63912, 0.99915
1740, 555, 9.6548, 0.01734, 0.63997, 0.99915
1741, 556, 9.6883, 0.01697, 0.64058, 0.99915
1742, 556, 9.6883, 0.01697, 0.64095, 0.99915
1743, 556, 9.6883, 0.01685, 0.64083, 0.99915
1744, 557, 9.7213, 0.01697, 0.6407, 0.99915
1745, 557, 9.7213, 0.0166, 0.63985, 0.99915
1746, 557, 9.7213, 0.01685, 0.64034, 0.99915
1747, 558, 9.7543, 0.01709, 0.64168, 0.99915
1748, 558, 9.7543, 0.01673, 0.63887, 0.99915
1749, 558, 9.7543, 0.01697, 0.63777, 0.99915
1750, 559, 9.7873, 0.01697, 0.63912, 0.99915
1751, 559, 9.7873, 0.01697, 0.63973, 0.99915
1752, 559, 9.7883, 0.01685, 0.63924, 0.99915
1753, 560, 9.8212, 0.01685, 0.63814, 0.99915
1754, 560, 9.8212, 0.01697, 0.63692, 0.99915
1755, 560, 9.8212, 0.01685, 0.63643, 0.99915
1756, 561, 9.8542, 0.01709, 0.63728, 0.99915
1757, 561, 9.8542, 0.01697, 0.6379, 0.99915
1758, 561, 9.8542, 0.01709, 0.63912, 0.99915
1759, 562, 9.8882, 0.01709, 0.63838, 0.99915
1760, 562, 9.8882, 0.01709, 0.63814, 0.99915
1761, 562, 9.8882, 0.01685, 0.63753, 0.99915
1762, 563, 9.9211, 0.01697, 0.63899, 0.99915
1763, 563, 9.9211, 0.01685, 0.63912, 0.99915
1764, 563, 9.9211, 0.01673, 0.6379, 0.99915
1765, 564, 9.9541, 0.01673, 0.63802, 0.99915
1766, 564, 9.9541, 0.01673, 0.63875, 0.99915
1767, 564, 9.9541, 0.01709, 0.63875, 0.99915
1768, 565, 9.9871, 0.01685, 0.63802, 0.99915
1769, 565, 9.9881, 0.01685, 0.63777, 0.99915
1770, 565, 9.9881, 0.01697, 0.63777, 0.99915
1771, 566, 10.0201, 0.01721, 0.63887, 0.99915
1772, 566, 10.0201, 0.01685, 0.63936, 0.99915
1773, 566, 10.0201, 0.0166, 0.64144, 0.99915
1774, 567, 10.0540, 0.01709, 0.64107, 0.99915
1775, 567, 10.0550, 0.01697, 0.64119, 0.99915
1776, 567, 10.0550, 0.01697, 0.64131, 0.99915
1777, 568, 10.0870, 0.01685, 0.64046, 0.99915
1778, 568, 10.0870, 0.01685, 0.63997, 0.99915
1779, 568, 10.0870, 0.01685, 0.6396, 0.99915
1780, 569, 10.1200, 0.01734, 0.64412, 0.99915
1781, 569, 10.1200, 0.01697, 0.644, 0.99915
1782, 569, 10.1200, 0.01697, 0.64351, 0.99915
1783, 570, 10.1570, 0.01673, 0.64302, 0.99915
1784, 570, 10.1570, 0.01697, 0.64278, 0.99915
1785, 570, 10.1570, 0.01697, 0.6429, 0.99915
1786, 571, 10.1869, 0.01673, 0.64302, 0.99915
1787, 571, 10.1869, 0.01673, 0.64266, 0.99915
1788, 571, 10.1869, 0.0166, 0.64168, 0.99915
1789, 572, 10.2199, 0.01685, 0.64266, 0.99915
1790, 572, 10.2199, 0.01685, 0.64253, 0.99915
1791, 572, 10.2199, 0.01721, 0.64095, 0.99915
1792, 573, 10.2529, 0.01685, 0.63912, 0.99915
1793, 573, 10.2529, 0.01648, 0.63887, 0.99915
1794, 573, 10.2529, 0.01697, 0.6407, 0.99915
1795, 574, 10.2859, 0.01709, 0.64107, 0.99915
1796, 574, 10.2859, 0.01697, 0.64205, 0.99915
1797, 574, 10.2859, 0.01709, 0.64278, 0.99915
1798, 575, 10.3198, 0.01721, 0.64376, 0.99915
1799, 575, 10.3198, 0.01697, 0.64376, 0.99915
1800, 575, 10.3198, 0.01685, 0.64339, 0.99915
1801, 576, 10.3528, 0.01697, 0.64314, 0.99915
1802, 576, 10.3528, 0.01697, 0.64339, 0.99915
1803, 576, 10.3528, 0.01697, 0.64327, 0.99915
1804, 577, 10.3858, 0.01697, 0.64327, 0.99915
1805, 577, 10.3858, 0.01697, 0.6418, 0.99915
1806, 577, 10.3858, 0.01697, 0.64046, 0.99915
1807, 578, 10.4186, 0.01673, 0.64034, 0.99915
1808, 578, 10.4196, 0.01685, 0.64021, 0.99915
1809, 578, 10.4196, 0.01673, 0.64021, 0.99915
1810, 579, 10.4525, 0.01709, 0.64131, 0.99915
1811, 579, 10.4525, 0.0166, 0.64205, 0.99915
1812, 579, 10.4525, 0.0166, 0.64205, 0.99915
1813, 580, 10.4855, 0.01697, 0.64229, 0.99915
1814, 580, 10.4855, 0.01709, 0.64205, 0.99915
1815, 580, 10.4855, 0.01709, 0.64278, 0.99915
1816, 581, 10.5195, 0.01709, 0.64241, 0.99915
1817, 581, 10.5195, 0.01697, 0.64192, 0.99915
1818, 581, 10.5195, 0.01673, 0.64253, 0.99915
1819, 582, 10.5525, 0.01673, 0.64376, 0.99915
1820, 582, 10.5525, 0.01685, 0.64437, 0.99915
1821, 582, 10.5525, 0.01673, 0.64485, 0.99915
1822, 583, 10.5854, 0.01673, 0.64449, 0.99915
1823, 583, 10.5854, 0.01673, 0.64339, 0.99915
1824, 583, 10.5854, 0.01709, 0.6429, 0.99915
1825, 584, 10.6184, 0.01697, 0.64144, 0.99915
1826, 584, 10.6184, 0.01709, 0.64009, 0.99915
1827, 584, 10.6184, 0.01697, 0.63997, 0.99915
1828, 585, 10.6514, 0.0166, 0.64021, 0.99915
1829, 585, 10.6524, 0.0166, 0.6396, 0.99915
1830, 585, 10.6524, 0.01697, 0.63997, 0.99915
1831, 586, 10.6854, 0.01697, 0.63997, 0.99915
1832, 586, 10.6854, 0.01709, 0.64131, 0.99915
1833, 586, 10.6854, 0.01673, 0.64241, 0.99915
1834, 587, 10.7183, 0.01709, 0.64241, 0.99915
1835, 587, 10.7183, 0.01685, 0.64278, 0.99915
1836, 587, 10.7183, 0.01697, 0.64266, 0.99915
1837, 588, 10.7513, 0.01697, 0.6429, 0.99915
1838, 588, 10.7523, 0.0166, 0.64278, 0.99915
1839, 588, 10.7523, 0.01685, 0.64253, 0.99915
1840, 589, 10.7843, 0.01685, 0.64278, 0.99915
1841, 589, 10.7843, 0.01673, 0.64314, 0.99915
1842, 589, 10.7843, 0.01697, 0.64314, 0.99915
1843, 589, 10.7853, 0.01685, 0.64278, 0.99915
1844, 590, 10.8183, 0.01673, 0.64192, 0.99915
1845, 590, 10.8183, 0.01709, 0.6418, 0.99915
1846, 590, 10.8183, 0.01721, 0.64168, 0.99915
1847, 591, 10.8513, 0.01673, 0.64217, 0.99915
1848, 591, 10.8513, 0.01685, 0.64192, 0.99915
1849, 591, 10.8513, 0.01673, 0.64156, 0.99915
1850, 592, 10.8842, 0.01709, 0.64107, 0.99915
1851, 592, 10.8842, 0.01709, 0.64034, 0.99915
1852, 592, 10.8842, 0.01709, 0.63973, 0.99915
1853, 593, 10.9182, 0.01697, 0.6396, 0.99915
1854, 593, 10.9182, 0.01709, 0.63924, 0.99915
1855, 593, 10.9182, 0.01685, 0.63716, 0.99915
1856, 594, 10.9512, 0.01709, 0.63619, 0.99915
1857, 594, 10.9512, 0.01709, 0.63521, 0.99915
1858, 594, 10.9512, 0.01697, 0.63728, 0.99915
1859, 595, 10.9841, 0.01673, 0.63863, 0.99915
1860, 595, 10.9841, 0.01721, 0.63948, 0.99915
1861, 595, 10.9841, 0.01709, 0.63875, 0.99915
1862, 596, 11.0171, 0.01709, 0.64009, 0.99915
1863, 596, 11.0171, 0.01709, 0.64119, 0.99915
1864, 596, 11.0171, 0.01673, 0.6407, 0.99915
1865, 597, 11.0501, 0.01685, 0.64131, 0.99915
1866, 597, 11.0501, 0.01697, 0.6407, 0.99915
1867, 597, 11.0511, 0.01697, 0.64083, 0.99915
1868, 598, 11.0841, 0.01697, 0.64095, 0.99915
1869, 598, 11.0841, 0.01697, 0.64083, 0.99915
1870, 598, 11.0841, 0.01673, 0.64119, 0.99915
1871, 599, 11.1180, 0.01685, 0.64156, 0.99915
1872, 599, 11.1180, 0.01685, 0.64083, 0.99915
1873, 599, 11.1180, 0.01685, 0.64107, 0.99915
1874, 600, 11.1520, 0.01709, 0.64119, 0.99915
1875, 600, 11.1520, 0.01673, 0.64144, 0.99915
1876, 600, 11.1520, 0.01673, 0.64095, 0.99915
1877, 601, 11.1830, 0.01697, 0.64229, 0.99915
1878, 601, 11.1830, 0.01685, 0.64253, 0.99915
1879, 601, 11.1830, 0.01685, 0.64278, 0.99915
1880, 602, 11.2170, 0.0166, 0.64168, 0.99915
1881, 602, 11.2170, 0.01673, 0.6407, 0.99915
1882, 602, 11.2170, 0.01721, 0.63924, 0.99915
1883, 603, 11.2499, 0.01697, 0.63899, 0.99915
1884, 603, 11.2499, 0.01685, 0.63863, 0.99915
1885, 603, 11.2499, 0.01697, 0.63826, 0.99915
1886, 604, 11.2829, 0.01648, 0.63814, 0.99915
1887, 604, 11.2829, 0.01709, 0.63838, 0.99915
1888, 604, 11.2829, 0.01697, 0.63948, 0.99915
1889, 605, 11.3169, 0.01709, 0.63985, 0.99915
1890, 605, 11.3169, 0.0166, 0.63851, 0.99915
1891, 605, 11.3169, 0.01709, 0.63826, 0.99915
1892, 606, 11.3499, 0.01673, 0.63814, 0.99915
1893, 606, 11.3499, 0.01709, 0.63887, 0.99915
1894, 606, 11.3499, 0.01673, 0.63851, 0.99915
1895, 607, 11.3828, 0.01685, 0.63875, 0.99915
1896, 607, 11.3828, 0.01685, 0.63973, 0.99915
1897, 607, 11.3828, 0.01673, 0.64034, 0.99915
1898, 608, 11.4168, 0.01721, 0.64131, 0.99915
1899, 608, 11.4168, 0.01697, 0.64009, 0.99915
1900, 608, 11.4168, 0.01685, 0.6396, 0.99915
1901, 609, 11.4498, 0.01673, 0.63899, 0.99915
1902, 609, 11.4498, 0.01697, 0.6396, 0.99915
1903, 609, 11.4498, 0.01685, 0.63948, 0.99915
1904, 610, 11.4828, 0.01697, 0.63912, 0.99915
1905, 610, 11.4828, 0.01697, 0.63973, 0.99915
1906, 610, 11.4828, 0.01709, 0.63912, 0.99915
1907, 611, 11.5163, 0.01673, 0.63826, 0.99915
1908, 611, 11.5163, 0.01673, 0.63753, 0.99915
1909, 611, 11.5163, 0.01721, 0.63704, 0.99915
1910, 612, 11.5493, 0.01697, 0.63716, 0.99915
1911, 612, 11.5493, 0.01721, 0.63838, 0.99915
1912, 612, 11.5493, 0.01673, 0.63863, 0.99915
1913, 613, 11.5823, 0.01709, 0.6379, 0.99915
1914, 613, 11.5823, 0.01685, 0.63728, 0.99915
1915, 613, 11.5823, 0.01709, 0.63716, 0.99915
1916, 614, 11.6162, 0.01673, 0.63753, 0.99915
1917, 614, 11.6162, 0.0166, 0.63802, 0.99915
1918, 614, 11.6162, 0.01599, 0.6357, 0.99915
1919, 615, 11.6502, 0.01685, 0.63606, 0.99915
1920, 615, 11.6502, 0.01685, 0.63545, 0.99915
1921, 615, 11.6502, 0.0166, 0.63765, 0.99915
1922, 616, 11.6822, 0.01709, 0.63765, 0.99915
1923, 616, 11.6822, 0.01673, 0.63741, 0.99915
1924, 616, 11.6822, 0.01709, 0.63716, 0.99915
1925, 617, 11.7152, 0.01697, 0.63655, 0.99915
1926, 617, 11.7152, 0.01648, 0.63619, 0.99915
1927, 617, 11.7152, 0.01697, 0.63728, 0.99915
1928, 618, 11.7481, 0.01685, 0.63875, 0.99915
1929, 618, 11.7481, 0.01697, 0.63924, 0.99915
1930, 618, 11.7481, 0.01709, 0.63912, 0.99915
1931, 619, 11.7821, 0.01685, 0.63912, 0.99915
1932, 619, 11.7821, 0.01685, 0.6396, 0.99915
1933, 619, 11.7821, 0.01673, 0.63973, 0.99915
1934, 620, 11.8151, 0.01709, 0.63924, 0.99915
1935, 620, 11.8151, 0.01697, 0.63899, 0.99915
1936, 620, 11.8151, 0.01685, 0.63973, 0.99915
1937, 621, 11.8481, 0.0166, 0.64009, 0.99915
1938, 621, 11.8481, 0.01685, 0.6396, 0.99915
1939, 621, 11.8481, 0.01697, 0.63912, 0.99915
1940, 622, 11.8810, 0.01734, 0.63997, 0.99915
1941, 622, 11.8810, 0.01697, 0.64058, 0.99915
1942, 622, 11.8810, 0.01697, 0.64095, 0.99915
1943, 623, 11.9150, 0.01685, 0.64083, 0.99915
1944, 623, 11.9150, 0.01697, 0.6407, 0.99915
1945, 623, 11.9150, 0.0166, 0.63985, 0.99915
1946, 624, 11.9480, 0.01685, 0.64034, 0.99915
1947, 624, 11.9480, 0.01709, 0.64168, 0.99915
1948, 624, 11.9480, 0.01673, 0.63887, 0.99915
1949, 625, 11.9810, 0.01697, 0.63777, 0.99915
1950, 625, 11.9810, 0.01697, 0.63912, 0.99915
1951, 625, 11.9810, 0.01697, 0.63973, 0.99915
1952, 626, 12.0149, 0.01685, 0.63924, 0.99915
1953, 626, 12.0149, 0.01685, 0.63814, 0.99915
1954, 626, 12.0149, 0.01697, 0.63692, 0.99915
1955, 627, 12.0479, 0.01685, 0.63643, 0.99915
1956, 627, 12.0479, 0.01709, 0.63728, 0.99915
1957, 627, 12.0479, 0.01697, 0.6379, 0.99915
1958, 628, 12.0809, 0.01709, 0.63912, 0.99915
1959, 628, 12.0809, 0.01709, 0.63838, 0.99915
1960, 628, 12.0809, 0.01709, 0.63814, 0.99915
1961, 629, 12.1139, 0.01685, 0.63753, 0.99915
1962, 629, 12.1139, 0.01697, 0.63899, 0.99915
1963, 629, 12.1139, 0.01685, 0.63912, 0.99915
1964, 630, 12.1468, 0.01673, 0.6379, 0.99915
1965, 630, 12.1478, 0.01673, 0.63802, 0.99915
1966, 630, 12.1478, 0.01673, 0.63875, 0.99915
1967, 631, 12.1798, 0.01709, 0.63875, 0.99915
1968, 631, 12.1798, 0.01685, 0.63802, 0.99915
1969, 631, 12.1798, 0.01685, 0.63777, 0.99915
1970, 632, 12.2135, 0.01697, 0.63777, 0.99915
1971, 632, 12.2135, 0.01721, 0.63887, 0.99915
1972, 632, 12.2135, 0.01685, 0.63936, 0.99915
1973, 632, 12.2135, 0.0166, 0.64144, 0.99915
1974, 633, 12.2474, 0.01709, 0.64107, 0.99915
1975, 633, 12.2474, 0.01697, 0.64119, 0.99915
1976, 633, 12.2474, 0.01697, 0.64131, 0.99915
1977, 634, 12.2804, 0.01685, 0.64046, 0.99915
1978, 634, 12.2804, 0.01685, 0.63997, 0.99915
1979, 634, 12.2804, 0.01685, 0.6396, 0.99915
1980, 635, 12.3144, 0.01734, 0.64412, 0.99915
1981, 635, 12.3144, 0.01697, 0.644, 0.99915
1982, 635, 12.3144, 0.01697, 0.64351, 0.99915
1983, 636, 12.3464, 0.01673, 0.64302, 0.99915
1984, 636, 12.3474, 0.01697, 0.64278, 0.99915
1985, 636, 12.3474, 0.01697, 0.6429, 0.99915
1986, 637, 12.3793, 0.01673, 0.64302, 0.99915
1987, 637, 12.3803, 0.01673, 0.64266, 0.99915
1988, 637, 12.3803, 0.0166, 0.64168, 0.99915
1989, 638, 12.4143, 0.01685, 0.64266, 0.99915
1990, 638, 12.4143, 0.01685, 0.64253, 0.99915
1991, 638, 12.4143, 0.01721, 0.64095, 0.99915
1992, 639, 12.4463, 0.01685, 0.63912, 0.99915
1993, 639, 12.4463, 0.01648, 0.63887, 0.99915
1994, 639, 12.4463, 0.01697, 0.6407, 0.99915
1995, 640, 12.4793, 0.01709, 0.64107, 0.99915
1996, 640, 12.4793, 0.01697, 0.64205, 0.99915
1997, 640, 12.4793, 0.01709, 0.64278, 0.99915
1998, 641, 12.5132, 0.01721, 0.64376, 0.99915
1999, 641, 12.5132, 0.01697, 0.64376, 0.99915
2000, 641, 12.5132, 0.01685, 0.64339, 0.99915
2001, 642, 12.5462, 0.01697, 0.64314, 0.99915
2002, 642, 12.5462, 0.01697, 0.64339, 0.99915
2003, 642, 12.5462, 0.01697, 0.64327, 0.99915
2004, 643, 12.5802, 0.01697, 0.64327, 0.99915
2005, 643, 12.5802, 0.01697, 0.6418, 0.99915
2006, 643, 12.5802, 0.01697, 0.64046, 0.99915
2007, 644, 12.6122, 0.01673, 0.64034, 0.99915
2008, 644, 12.6132, 0.01685, 0.64021, 0.99915
2009, 644, 12.6132, 0.01673, 0.64021, 0.99915
2010, 645, 12.6461, 0.01709, 0.64131, 0.99915
2011, 645, 12.6461, 0.0166, 0.64205, 0.99915
2012, 645, 12.6461, 0.0166, 0.64205, 0.99915
2013, 646, 12.6801, 0.01697, 0.64229, 0.99915
2014, 646, 12.6801, 0.01709, 0.64205, 0.99915
2015, 646, 12.6801, 0.01709, 0.64278, 0.99915
2016, 647, 12.7131, 0.01709, 0.64241, 0.99915
2017, 647, 12.7131, 0.01697, 0.64192, 0.99915
2018, 647, 12.7131, 0.01673, 0.64253, 0.99915
2019, 648, 12.7451, 0.01673, 0.64376, 0.99915
2020, 648, 12.7451, 0.01685, 0.64437, 0.99915
2021, 648, 12.7451, 0.01673, 0.64485, 0.99915
2022, 649, 12.7800, 0.01673, 0.64449, 0.99915
2023, 649, 12.7800, 0.01673, 0.64339, 0.99915
2024, 649, 12.7800, 0.01709, 0.6429, 0.99915
2025, 650, 12.8120, 0.01697, 0.64144, 0.99915
2026, 650, 12.8120, 0.01709, 0.64009, 0.99915
2027, 650, 12.8120, 0.01697, 0.63997, 0.99915
2028, 651, 12.8450, 0.0166, 0.64021, 0.99915
2029, 651, 12.8450, 0.0166, 0.6396, 0.99915
2030, 651, 12.8450, 0.01697, 0.63997, 0.99915
2031, 652, 12.8789, 0.01697, 0.63997, 0.99915
2032, 652, 12.8789, 0.01709, 0.64131, 0.99915
2033, 652, 12.8789, 0.01673, 0.64241, 0.99915
2034, 653, 12.9119, 0.01709, 0.64241, 0.99915
2035, 653, 12.9119, 0.01685, 0.64278, 0.99915
2036, 653, 12.9119, 0.01697, 0.64266, 0.99915
2037, 654, 12.9449, 0.01697, 0.6429, 0.99915
2038, 654, 12.9449, 0.0166, 0.64278, 0.99915
2039, 654, 12.9449, 0.01685, 0.64253, 0.99915
2040, 655, 12.9779, 0.01685, 0.64278, 0.99915
2041, 655, 12.9779, 0.01673, 0.64314, 0.99915
2042, 655, 12.9789, 0.01697, 0.64314, 0.99915
2043, 656, 13.0118, 0.01685, 0.64278, 0.99915
2044, 656, 13.0118, 0.01673, 0.64192, 0.99915
2045, 656, 13.0118, 0.01709, 0.6418, 0.99915
2046, 657, 13.0448, 0.01721, 0.64168, 0.99915
2047, 657, 13.0448, 0.01673, 0.64217, 0.99915
2048, 657, 13.0448, 0.01685, 0.64192, 0.99915
2049, 658, 13.0778, 0.01673, 0.64156, 0.99915
2050, 658, 13.0778, 0.01709, 0.64107, 0.99915
2051, 658, 13.0778, 0.01709, 0.64034, 0.99915
2052, 659, 13.1123, 0.01709, 0.63973, 0.99915
2053, 659, 13.1123, 0.01697, 0.6396, 0.99915
2054, 659, 13.1123, 0.01709, 0.63924, 0.99915
2055, 660, 13.1443, 0.01685, 0.63716, 0.99915
2056, 660, 13.1443, 0.01709, 0.63619, 0.99915
2057, 660, 13.1443, 0.01709, 0.63521, 0.99915
2058, 661, 13.1772, 0.01697, 0.63728, 0.99915
2059, 661, 13.1782, 0.01673, 0.63863, 0.99915
2060, 661, 13.1782, 0.01721, 0.63948, 0.99915
2061, 662, 13.2112, 0.01709, 0.63875, 0.99915
2062, 662, 13.2112, 0.01709, 0.64009, 0.99915
2063, 662, 13.2112, 0.01709, 0.64119, 0.99915
2064, 663, 13.2442, 0.01673, 0.6407, 0.99915
2065, 663, 13.2442, 0.01685, 0.64131, 0.99915
2066, 663, 13.2442, 0.01697, 0.6407, 0.99915
2067, 663, 13.2442, 0.01697, 0.64083, 0.99915
2068, 664, 13.2772, 0.01697, 0.64095, 0.99915
2069, 664, 13.2772, 0.01697, 0.64083, 0.99915
2070, 664, 13.2772, 0.01673, 0.64119, 0.99915
2071, 665, 13.3111, 0.01685, 0.64156, 0.99915
2072, 665, 13.3121, 0.01685, 0.64083, 0.99915
2073, 665, 13.3121, 0.01685, 0.64107, 0.99915
2074, 666, 13.3441, 0.01709, 0.64119, 0.99915
2075, 666, 13.3441, 0.01673, 0.64144, 0.99915
2076, 666, 13.3441, 0.01673, 0.64095, 0.99915
2077, 667, 13.3771, 0.01697, 0.64229, 0.99915
2078, 667, 13.3771, 0.01685, 0.64253, 0.99915
2079, 667, 13.3771, 0.01685, 0.64278, 0.99915
2080, 668, 13.4101, 0.0166, 0.64168, 0.99915
2081, 668, 13.4101, 0.01673, 0.6407, 0.99915
2082, 668, 13.4101, 0.01721, 0.63924, 0.99915
2083, 669, 13.4431, 0.01697, 0.63899, 0.99915
2084, 669, 13.4431, 0.01685, 0.63863, 0.99915
2085, 669, 13.4431, 0.01697, 0.63826, 0.99915
2086, 670, 13.4770, 0.01648, 0.63814, 0.99915
2087, 670, 13.4770, 0.01709, 0.63838, 0.99915
2088, 670, 13.4770, 0.01697, 0.63948, 0.99915
2089, 671, 13.5100, 0.01709, 0.63985, 0.99915
2090, 671, 13.5100, 0.0166, 0.63851, 0.99915
2091, 671, 13.5100, 0.01709, 0.63826, 0.99915
2092, 672, 13.5430, 0.01673, 0.63814, 0.99915
2093, 672, 13.5440, 0.01709, 0.63887, 0.99915
2094, 672, 13.5440, 0.01673, 0.63851, 0.99915
2095, 673, 13.5770, 0.01685, 0.63875, 0.99915
2096, 673, 13.5770, 0.01685, 0.63973, 0.99915
2097, 673, 13.5770, 0.01673, 0.64034, 0.99915
2098, 674, 13.6109, 0.01721, 0.64131, 0.99915
2099, 674, 13.6109, 0.01697, 0.64009, 0.99915
2100, 674, 13.6109, 0.01685, 0.6396, 0.99915
2101, 675, 13.6429, 0.01673, 0.63899, 0.99915
2102, 675, 13.6429, 0.01697, 0.6396, 0.99915
2103, 675, 13.6429, 0.01685, 0.63948, 0.99915
2104, 676, 13.6759, 0.01697, 0.63912, 0.99915
2105, 676, 13.6759, 0.01697, 0.63973, 0.99915
2106, 676, 13.6769, 0.01709, 0.63912, 0.99915
2107, 677, 13.7098, 0.01673, 0.63826, 0.99915
2108, 677, 13.7098, 0.01673, 0.63753, 0.99915
2109, 677, 13.7098, 0.01721, 0.63704, 0.99915
2110, 678, 13.7428, 0.01697, 0.63716, 0.99915
2111, 678, 13.7428, 0.01721, 0.63838, 0.99915
2112, 678, 13.7428, 0.01673, 0.63863, 0.99915
2113, 679, 13.7758, 0.01709, 0.6379, 0.99915
2114, 679, 13.7768, 0.01685, 0.63728, 0.99915
2115, 679, 13.7768, 0.01709, 0.63716, 0.99915
2116, 680, 13.8088, 0.01673, 0.63753, 0.99915
2117, 680, 13.8098, 0.0166, 0.63802, 0.99915
2118, 680, 13.8098, 0.01599, 0.6357, 0.99915
2119, 681, 13.8417, 0.01685, 0.63606, 0.99915
2120, 681, 13.8417, 0.01685, 0.63545, 0.99915
2121, 681, 13.8417, 0.0166, 0.63765, 0.99915
